,,,,,,,,,,,,,,,,,,,,,,,,,,,,,,,,,,,,,,,,,,,,,,,,,,,,,,,,,,,,,,,,,,,,,,,,,,,,,,,,,,,,,,,,,,,,,,,,,,,,
0,0.563041,0.267803,0.38729,0.443162,0.31408,0.379285,0.133865,0.13239,0.554828,0.456252,0.141757,0.160699,0.185462,0.251115,0,0,0.273865,0.409956,0.118082,0.375403,0.14518,0.140105,0.15858,0.188362,0.167406,0.223253,0.211506,0.177269,0.353649,0.334235,0,0.211506,0.338889,0.265841,0.256444,0.347596,0.115806,0.233326,0.0781348,0.0872153,0.184044,0.281835,0.16625,0.355712,0.160699,0.0791652,0.308754,0.0733605,0.159633,0.275423,0.369722,0.383247,0.126804,0.3578,0.308754,0.0807626,0.247261,0.137698,0.239894,0.237925,0.407525,0.328813,0.4111,0.0824259,0.532537,0.320997,0.36151,0.215283,0.289123,0,0.297399,0,0.301092,0.152547,0.575782,0.236372,0,0.293795,0.246002,0,0,0.38729,0.38729,0.427785,0,0,0,0,0,0,0,0,0,0,0,NaN,NaN,NaN,NaN,NaN
0,0,0,0,0,0.346936,0.140105,0.512652,0.685736,0,0,0.276999,0.312731,0.160699,0.259194,0.340469,0,0.286841,0.129537,0.301092,0.286841,0.391417,0.420476,0.154507,0.369722,0.179918,0.219197,0,0,0,0.358852,0.13239,0.403221,0.0978775,0.192887,0.0963077,0.160699,0.227462,0.241092,0.215283,0.233326,0.0963077,0.383247,0.0885008,0.227462,0.224639,0.0791652,0.140105,0.137698,0.237925,0.224639,0.0724748,0.251115,0.299604,0.16625,0.0695363,0.0781348,0.360621,0.138492,0.244756,0.169768,0.195496,0.280204,0.3578,0.306803,0.52304,0.0940453,0.45291,0.213379,0.286841,0.130948,0,0.246002,0.169768,0.367866,0.465396,0.554828,0,0.262002,0.443162,0.681369,0.575782,0,0,0,0,0,0,0,0,0,0,0,0,0,0,NaN,NaN,NaN,NaN,NaN
0,0,0.308754,0.52408,0.167406,0.246002,0.276999,0.343673,0.136914,0,0.31959,0.558087,0.177269,0,0.148772,0,0.280204,0.312731,0.236372,0.213379,0,0,0.122913,0.290277,0.211506,0.334235,0.427785,0.215283,0.531466,0.174696,0.546834,0.431532,0.357101,0.0925952,0.265841,0.177269,0.299234,0.223253,0.169768,0,0.516882,0.169768,0.285153,0.0970863,0.223253,0.0824259,0.147858,0.0738116,0.072915,0.0813095,0.230357,0.417418,0.196559,0.263428,0.0859665,0.135372,0.156517,0.44516,0.19872,0.192374,0.286841,0.256444,0.224639,0.163984,0,0.185462,0.456813,0.113615,0.225338,0.271815,0.231832,0.290277,0.253752,0.174696,0.135372,0.338889,0.223253,0.267803,0.241092,0.256444,0.736764,0.399934,0.496364,0.343673,0.681369,0,0.827825,0,0,0,0.756684,0,0,0,0,0,NaN,NaN,NaN,NaN,NaN
0,0,0.316811,0,0,0.128155,0.280204,0.130948,0.512652,0.225338,0.128155,0.379285,0.177269,0.276999,0,0.122913,0.418093,0,0.243522,0.1147,0.13239,0.156517,0.31408,0,0.204336,0,0.443162,0.38729,0,0.174696,0,0,0.238708,0.0955416,0.267803,0.247684,0.228901,0.113615,0.168579,0.0813095,0.247684,0.320997,0.349591,0,0.295587,0,0.290277,0.142598,0.26059,0.0781348,0.155505,0.272324,0.190347,0.266329,0.153521,0.278592,0.273865,0.259194,0.26059,0.0664569,0.0786466,0.197633,0.0835733,0.341744,0.228901,0.260123,0.192887,0.206083,0.241092,0.102909,0.124183,0.563041,0.468326,0.162874,0.256444,0.749965,0.369722,0,0,0,0,0.38729,0,0,0.427785,0,0,0,0.842732,0,0,0,0,0,0,0,0,NaN,NaN,NaN,NaN
0,0.887844,0,0.539048,0.334235,0.4241,0.136914,0.357101,0.133865,0.539048,0.504384,0.353649,0,0.481958,0.143448,0.13239,0.141757,0.152547,0.128155,0.120449,0.236372,0.297399,0.121668,0.14518,0.185462,0.334235,0,0.406561,0,0.172197,0.672768,0.143448,0.231832,0.249387,0.486671,0,0.149699,0.115806,0.249387,0.0818639,0.160699,0.179918,0,0.312731,0.230357,0.217877,0.328813,0.0781348,0.211506,0.436444,0,0.278592,0.256444,0.19872,0.288548,0.0807626,0.203188,0.275423,0.070766,0.125479,0.26059,0.0720399,0.0751986,0.415736,0.239498,0.323132,0.196025,0.196025,0.23408,0.105624,0.223253,0.280204,0.152547,0.146955,0.379285,0.227462,0.188362,0.293795,0.219197,0,0,0.399934,0.443162,0,0,0,0.756684,0,0,0,0,0.887844,0,0,0,0,0,NaN,NaN,NaN,NaN
0,0.681369,0.516882,0.420476,0.182648,0.508487,0.13239,0.133865,0.125479,0.251115,0.337324,0.357101,0.172197,0.422885,0.371597,0.468326,0,0.477331,0.337324,0,0.231832,0.391417,0.129537,0.152547,0.169768,0,0,0.251115,0.231832,0.167406,0,0.259194,0.340469,0.249387,0.197633,0.273865,0.216572,0.308754,0.263908,0.219197,0.216572,0.0947875,0.422885,0.345623,0.299234,0.150636,0.275423,0.321847,0.417418,0.226042,0.153521,0.152547,0.266329,0.262002,0.227462,0.285153,0.399934,0.273865,0.360621,0.130948,0.253752,0.321847,0.325294,0.237925,0.223253,0.170974,0.34859,0.108485,0.122913,0.215283,0.539048,0.293795,0,0.148772,0.506428,0.358852,0.465396,0.267803,0.413406,0.273865,0.589055,0.413406,0,0.353649,0,0,0.842732,0,0,0.982361,0,0.931281,0,0,0,0,0,NaN,NaN,NaN,NaN
0,0,0,0,0.316811,0.512652,0.431532,0.135372,0.125479,0,0.125479,0.340469,0.297399,0.174696,0.14518,0.280204,0.512652,0.297399,0.227462,0.133865,0.303604,0.15858,0.129537,0,0,0,0.227462,0.246002,0.219197,0.174696,0.262002,0.264871,0.248533,0.172197,0.405219,0.0963077,0.0865864,0.356231,0.320997,0.351608,0.280204,0.16511,0.375403,0.293795,0.170974,0.275423,0.267803,0.273865,0.385258,0.144309,0.337948,0.395631,0.149699,0.350261,0.286841,0.438662,0.138492,0,0.136139,0.307191,0.357101,0.264871,0.432072,0.084753,0.3578,0.227462,0.199267,0.113615,0.23408,0,0.334235,0.14518,0,0.156517,0.329705,0.602886,0,0.413406,0.589055,0,0,0,0,0,0,0.648004,0,0.798583,0,0,0,0,0,0,0,0,0,NaN,NaN,NaN,NaN
0,0.648004,0,0.406561,0.177269,0.246002,0.350261,0.383247,0.122913,0.116933,0.539048,0,0.301092,0.179918,0,0.148772,0.141757,0.280204,0.217222,0.267803,0,0.267803,0.427785,0.259194,0,0.329705,0,0.468326,0.204336,0.329705,0.227462,0.148772,0.243522,0,0.0986817,0.318891,0.16625,0,0.185462,0.227462,0.220532,0.161779,0.16511,0.16625,0.0865864,0,0.26059,0.347596,0.160699,0.20786,0.288548,0.325294,0.472788,0.301092,0.0818639,0.155505,0.2708,0,0.421506,0.262002,0.0683487,0.307191,0.452436,0.157542,0.236372,0.231832,0.103798,0.211506,0.38729,0.1147,0.118082,0.259194,0.443162,0,0.320997,0.188362,0.320997,0.267803,0.251115,0,0.280204,0.477331,0.375403,0.427785,0,0.648004,0,0.842732,0,0,0,0.968324,0,0.842732,0,0,0,NaN,NaN,NaN,NaN
0,0.589055,0.364208,0.215283,0.329705,0.146955,0.122913,0.152547,0,0.413406,0.23408,0,0.304875,0,0,0.2708,0,0.2708,0.343673,0.357101,0.120449,0.264871,0.23408,0.148772,0,0,0,0.45964,0.369722,0.308754,0.381256,0.364208,0.133865,0.0878533,0.341264,0.312731,0.318891,0.0835733,0.178584,0.084159,0.3578,0.230357,0.161779,0.0925952,0.0786466,0.3578,0.0742682,0.223253,0.156517,0.334235,0.080223,0.070766,0.353649,0.257812,0.0786466,0.375403,0.228901,0.285489,0.276999,0.146955,0.244756,0.209061,0.241092,0.341744,0.0865864,0.477331,0.0994991,0.105624,0.248533,0.119253,0.375403,0.367866,0.463944,0.152547,0.334235,0.471291,0.308754,0.308754,0,0.443162,0,0.427785,0.443162,0.399934,0,0.563041,0,0.71757,0.798583,0,0,0,0,0.931281,0,0,0,0,NaN,NaN,NaN
0.931281,0.648004,0.353649,0.227462,0.172197,0,0.406561,0,0.311394,0.13239,0.409956,0,0.422885,0.15858,0.290277,0.371597,0.337324,0.259194,0.152547,0.409956,0.390377,0.140105,0,0,0.253752,0.286841,0,0.607625,0.215283,0.172197,0.353649,0.140105,0.238708,0.170974,0.0933146,0.249387,0.325294,0.0824259,0.0940453,0.503876,0.330601,0.230357,0.351608,0.242707,0.351608,0.156517,0.373491,0,0.206672,0.215283,0.406561,0.298131,0.233326,0.264871,0.2708,0,0,0.286841,0.543694,0.0766386,0.23522,0.206672,0.0829955,0.230357,0.0853555,0.0865864,0.477331,0.269794,0.248533,0.116933,0.113615,0.267803,0.276999,0,0.191355,0.343673,0,0.607625,0,0,0.267803,0,0.496364,0,0.38729,0,0,0,0.996447,0,0,0,0,0,0,0,0.992293,0,NaN,NaN,NaN
0,0,0,0.215283,0.16511,0.154507,0.346936,0.154507,0.119253,0.420476,0.129537,0.246002,0.16511,0.169768,0.408818,0.2708,0,0.259194,0.156517,0.115806,0.488581,0.248533,0.133865,0.129537,0.267803,0.395631,0.343673,0.256444,0.204336,0.34859,0.16511,0.512652,0.251115,0.172197,0.0978775,0.375403,0.247684,0.3578,0.413406,0.422885,0,0.160699,0.16511,0.227462,0.0865864,0.151585,0.2708,0.230357,0.323562,0.280204,0.413406,0.307191,0.080223,0.139294,0.212751,0.150636,0.226042,0.244756,0,0.285153,0.276366,0.153521,0.0791652,0.231832,0.163984,0.0853555,0.204336,0.394781,0.353649,0.118082,0.440002,0.2708,0.150636,0.364208,0,0.477331,0,0,0,0,0,0.443162,0.736764,0,0,0.798583,0,0.756684,0,0,0,0,0,0,0,0,0,0,NaN,NaN,NaN
0,0,0,0,0.146955,0.15858,0.253752,0.293795,0.31959,0.337324,0.248533,0.447175,0.301092,0,0.304875,0,0.227462,0.264871,0.162874,0.112551,0.331201,0.241092,0.253752,0.128155,0.273865,0.152547,0.381256,0,0,0,0.276999,0.259194,0.119253,0.301092,0.258271,0.256444,0.0872153,0.312731,0.486671,0.167406,0.409467,0.231832,0.230357,0,0.295587,0.336081,0,0.454814,0.0791652,0.0756725,0.234839,0.137698,0.281835,0.259194,0.273865,0.219197,0.214009,0.249817,0.237535,0.402119,0.119848,0.154507,0.276999,0.3578,0.341264,0.16511,0.200929,0.197633,0.337324,0.413406,0.211506,0.455411,0.304875,0.276999,0.177269,0,0.602886,0.219197,0.241092,0.262002,0.506428,0.575782,0.516882,0,0.443162,0,0,0,0,0,0.798583,0,0,0,0,0,0,0,NaN,NaN,NaN
0,0,0,0,0.379285,0,0.140105,0.162874,0.125479,0.23408,0.455411,0.353649,0.301092,0.325294,0.329705,0.375403,0.31959,0.395631,0,0.316811,0.118082,0.241092,0.148772,0.488581,0,0,0.20786,0.219197,0.194443,0,0.126804,0.141757,0.23408,0.251115,0.184044,0.0898248,0.318891,0.327484,0.29862,0.236372,0.434247,0.292026,0.221885,0.0835733,0.0859665,0.146955,0.211506,0.359911,0.0813095,0.272324,0.272324,0.140105,0.341744,0.311928,0.275423,0.228901,0.203188,0.144309,0.128155,0.150636,0.0633028,0.15858,0.216572,0.306803,0.312731,0,0.206083,0.36151,0.340469,0.334235,0.213379,0.262002,0.182648,0.143448,0.188362,0,0,0.231832,0.246002,0.617303,0.66994,0.325294,0,0,0.443162,0,0,0,0,0,0,0,0.887844,0,0,0,0,NaN,0,NaN,NaN
NaN,0,0,0.185462,0,0,0.138492,0,0.243522,0.227462,0.280204,0.439219,0.174696,0.162874,0.172197,0.283484,0.322417,0.148772,0,0.120449,0.316811,0.346936,0.15858,0.340469,0.267803,0.264871,0,0,0.489862,0,0,0.140105,0.128155,0.346114,0.251115,0.320997,0,0.172197,0.36151,0.389756,0.351608,0.297399,0.226042,0.237925,0.370845,0.140105,0.149699,0.080223,0.216572,0.206672,0.210277,0.305643,0.362047,0.135372,0.385258,0.16625,0.203188,0.13239,0.128155,0,0.179918,0.337948,0.272324,0.304875,0.228901,0.167406,0,0.20786,0.521178,0.406561,0.1147,0.251115,0.179918,0.154507,0.432795,0.172197,0.200929,0.420476,0.435343,0.316811,0,0.353649,0.984697,0.45964,0,0,0,0.944643,0,0,0,0,0,0,0,0,0,NaN,0,NaN,NaN
0,0,0,0.343673,0.301092,0.357101,0,0.148772,0.337324,0.236372,0.280204,0.135372,0.301092,0.432795,0.399934,0.395631,0,0.136914,0.14518,0.334235,0.128155,0.13239,0.264871,0.129537,0.379285,0.38729,0.343673,0,0.185462,0.251115,0.128155,0.256444,0.213379,0.390377,0.161779,0,0.242707,0.242707,0.366945,0.312731,0.168579,0.464565,0.153521,0.0872153,0.320997,0.281835,0.272324,0.0771309,0.0761525,0.2708,0.403695,0.0724748,0.3578,0.199818,0.080223,0.226042,0.263428,0.308754,0.0646669,0.269294,0.236372,0.155505,0.220532,0.247684,0.435343,0.237925,0.34859,0.219197,0.246002,0.256444,0.209668,0.129537,0,0.399934,0.304875,0.45964,0.353649,0.219197,0.308754,0.486671,0.280204,0,0.617303,0.477331,0.427785,0.516882,0,0,0,0,0,0,0,0,0,0,0.999756,NaN,0,NaN,NaN
0,0,0.527749,0.211506,0.283484,0.138492,0,0.496364,0.488581,0.130948,0,0.262002,0.304875,0.533343,0.148772,0.301092,0.251115,0.264871,0,0.508487,0.13239,0.375403,0.360621,0.443162,0.146955,0.154507,0.34859,0,0.477331,0.262002,0.357101,0.248533,0.463077,0.115806,0.349591,0.331955,0.278059,0.236372,0.0970863,0.306803,0.252867,0.227462,0.216572,0.301092,0.0947875,0.345623,0.0751986,0.283484,0.339836,0.263428,0.072915,0.188362,0.306803,0.290974,0.0835733,0.154507,0.286841,0.243522,0.238708,0.332408,0.0616767,0.0766386,0.330601,0.258271,0.0853555,0.0898248,0.102909,0.406561,0.325294,0.162874,0.102035,0.13239,0.162874,0,0.316811,0.177269,0,0.200929,0.66994,0.527749,0.280204,0.334235,0.71757,0.887844,0,0,0,0.617303,0.756684,0,0,0,0,0,0,0.999756,NaN,0,0,NaN,NaN
0,0,0,0.375403,0.301092,0.353649,0,0.148772,0.129537,0.334235,0.138492,0.367866,0.293795,0.308754,0.156517,0.16511,0,0.135372,0.136914,0.125479,0.138492,0,0,0.130948,0,0.148772,0.364208,0.223253,0.200929,0.293795,0.256444,0.128155,0.488581,0.113615,0.152547,0.252867,0.217222,0.155505,0.184044,0.0891579,0.370845,0.159633,0.434247,0,0.178584,0.297399,0.138492,0.278592,0.150636,0.26059,0.19872,0.188362,0.292026,0.133865,0.321847,0.219197,0.281835,0.315167,0.237535,0.256444,0.31408,0.26059,0.146955,0.256444,0.0853555,0.178584,0.0994991,0,0.125479,0.293795,0.284594,0.236372,0.150636,0.578393,0,0.329705,0.204336,0.34859,0.316811,0,0,0.681369,0,0,0.38729,0,0.756684,0.681369,0,0,0,0.992293,0,0,0,0,NaN,0,0,NaN,NaN
0,0,0,0.375403,0.162874,0.443162,0.451257,0.404328,0.23408,0.124183,0.140105,0.357101,0.413406,0.413406,0.290277,0.320997,0.140105,0.128155,0.375403,0.340469,0.248533,0.251115,0.130948,0,0,0.148772,0.185462,0.503031,0.191355,0,0.262002,0.128155,0.116933,0.120449,0.0751986,0.0986817,0.104703,0.084159,0.182648,0.184044,0.244343,0.0835733,0.152547,0.0791652,0.249387,0,0.142598,0.336081,0.272324,0.252427,0.203188,0.248533,0.272324,0.241092,0.136139,0.278592,0.336081,0.264871,0.0695363,0.249817,0.229627,0.411427,0.316811,0.0933146,0.355712,0.168579,0.0994991,0.199267,0.133865,0.267803,0.113615,0,0.283484,0,0.174696,0.188362,0.197633,0.358852,0,0.506428,0.477331,0.353649,0,0,0,0,0,0.648004,0.798583,0,0.756684,0,0,0,0,0,NaN,0,0,NaN,NaN
0,0,0.399934,0.399934,0.167406,0,0.259194,0.578393,0.241092,0.435343,0.340469,0,0,0.160699,0.408818,0.533343,0.297399,0.121668,0.152547,0.331201,0.264871,0.248533,0.238708,0.262002,0.138492,0.148772,0,0.640087,0.219197,0.262002,0.133865,0.236372,0.118082,0.223253,0.0724748,0,0.399934,0.0905018,0.258271,0.260123,0.179918,0.355712,0.0786466,0.475049,0.359911,0.16625,0.209061,0.200929,0.144309,0.135372,0.138492,0.311928,0.203188,0.194443,0.248533,0.146062,0.0756725,0.14518,0.138492,0.301092,0.242301,0.141757,0.463944,0.541944,0.16625,0.236372,0.194443,0.200929,0.337324,0.154507,0.110481,0.381256,0.477331,0.286841,0.527749,0,0.353649,0,0,0,0.267803,0,0,0,0.632334,0.539048,0,0.71757,0,0.842732,0,0,0,0,NaN,0,NaN,0,0,NaN,NaN
0,0,0.353649,0,0,0.133865,0.521178,0.399934,0.246002,0,0.125479,0,0.511605,0,0.293795,0.174696,0,0,0.262002,0.340469,0.463944,0.367866,0.133865,0.357101,0.143448,0.167406,0,0,0,0.241092,0.367866,0.231832,0.56723,0.293795,0.14518,0.249387,0.269794,0.254643,0.260123,0.0986817,0.251115,0.230357,0.328813,0.155505,0,0.163984,0,0.192374,0.336081,0.358852,0.194443,0.224639,0.135372,0.315167,0.351947,0.461783,0.147858,0.211506,0.188362,0.249817,0.193403,0.135372,0.152547,0.178584,0.406561,0.241092,0.291441,0.532537,0.128155,0,0.225338,0.375403,0,0,0.15858,0.174696,0.477331,0.211506,0,0.334235,0,0.343673,0,0,0,0.516882,0,0.756684,0,0,0,0.992293,0,0,NaN,0,NaN,0,0,NaN,NaN
0,0.539048,0.38729,0,0.154507,0.256444,0.141757,0.357101,0.259194,0.126804,0.122913,0.447175,0,0.297399,0.432795,0.172197,0,0.217222,0.371597,0.264871,0.435343,0.146955,0.463944,0.136914,0.143448,0.148772,0.506428,0.227462,0.231832,0.406561,0.343673,0.322417,0.143448,0.10033,0.0818639,0.312731,0.468326,0,0.38729,0.192887,0.483519,0.163984,0.154507,0.273865,0.290277,0.297399,0.337948,0.266329,0.134614,0.2708,0.130239,0.239498,0.409467,0.20786,0.255091,0.251115,0.337948,0.216572,0.133123,0.304111,0.390822,0.189349,0.217877,0,0.295587,0.175973,0.289123,0.104703,0.334235,0.2708,0.23408,0.209668,0.130948,0.404328,0.413406,0,0.531466,0,0.280204,0.301092,0.267803,0.784329,0.413406,0,0,0,0,0,0,0,0,0,0,0,NaN,0,0,0,0,NaN,NaN
0,0,0.316811,0.427785,0,0,0,0.253752,0.14518,0.350261,0,0.259194,0,0.308754,0.312731,0.177269,0.273865,0.306158,0.360621,0.563041,0.420476,0,0.264871,0.283484,0.353649,0.301092,0.404328,0,0.236372,0,0.346936,0.241092,0.259194,0.10033,0.301092,0.175973,0.343673,0.397341,0.252867,0.271815,0.480406,0.152547,0.223253,0.210277,0.0807626,0.241092,0.293795,0.340469,0.206672,0.262002,0.0675791,0.233326,0.34859,0.147858,0.257812,0.244756,0.217877,0.337948,0.252427,0.192374,0.136139,0.286841,0.219197,0.292026,0.242707,0.0878533,0.107514,0.375403,0.223253,0.148772,0.316811,0.303604,0.246002,0.273865,0.152547,0.418093,0.215283,0.399934,0.451257,0.301092,0.267803,0,0.427785,0,0.399934,0,0.516882,0,0,0.681369,0,0,0,0,0,NaN,0.992293,0,0,NaN,NaN
0,0,0.286841,0.251115,0.146955,0.143448,0.136914,0.14518,0.367866,0.253752,0.113615,0.14518,0.136914,0.304875,0,0.325294,0.14518,0.120449,0.128155,0.150636,0.129537,0,0.264871,0.293795,0.253752,0,0.432795,0,0.227462,0,0.256444,0.121668,0.375403,0.532537,0.302972,0.336546,0.341264,0,0.0947875,0.273865,0.197633,0.150636,0.149699,0.140926,0.080223,0.297399,0.155505,0.441183,0.200929,0.140105,0.204336,0.155505,0.210277,0.385258,0.0720399,0.13239,0.278592,0.216572,0.140105,0.243522,0.20786,0.124183,0.221885,0.302972,0,0.161779,0.334235,0.221207,0.221207,0.276999,0.477331,0.200929,0.516882,0.2708,0.160699,0.286841,0.215283,0,0.589055,0.286841,0,0.364208,0,0.699107,0,0,0,0.681369,0,0.756684,0,0,0,0.992293,NaN,NaN,0,0,0,NaN,NaN
0,0,0.451257,0,0.264871,0.259194,0.246002,0,0.301092,0.350261,0.215283,0.379285,0,0,0.358852,0.174696,0.148772,0.236372,0.118082,0.15858,0.340469,0.136914,0,0.308754,0.140105,0.162874,0.334235,0,0.563041,0.34859,0.135372,0.122913,0.273865,0.217222,0.389756,0.251115,0.421919,0.419043,0.241092,0.199267,0.177269,0.156517,0.375403,0.292026,0.151585,0.237925,0.276999,0.199818,0.267803,0.481958,0.203188,0.084159,0.269294,0.321847,0.135372,0.192374,0.281835,0.263428,0.321847,0.133865,0.320152,0.118664,0.0761525,0.084753,0.172197,0.084753,0.170974,0.221207,0,0,0.229627,0.369722,0.328221,0.286841,0.156517,0.148772,0.38729,0.211506,0.420476,0.527749,0,0.399934,0,0,0,0.887844,0.539048,0,0,0,0.931281,0,0,0,NaN,NaN,0,0,0,-Inf,NaN
NaN,0,0.589055,0,0.280204,0.253752,0.340469,0.130948,0.301092,0.273865,0.303604,0,0.248533,0,0.338889,0.454018,0.152547,0.236372,0.31959,0,0.253752,0.243522,0.334235,0.454018,0.580146,0.418093,0,0.211506,0.227462,0.20786,0.38729,0.289123,0.371597,0.209668,0.338889,0,0.289123,0.178584,0.224639,0.217222,0.310731,0.220532,0.146955,0.301092,0.150636,0.16511,0.323562,0.373491,0.141757,0.272324,0.263428,0.0776296,0.223253,0.200929,0.200929,0.340469,0.155505,0.142598,0.153521,0.246002,0.373491,0.452174,0.275423,0.290277,0.327484,0.371597,0.169768,0.221207,0.111506,0.146955,0.125479,0.38729,0.124183,0.156517,0.276999,0.293795,0.200929,0,0.38729,0,0.486671,0.575782,0.364208,0,0.375403,0,0.516882,0,0,0,0,0,0,0,NaN,NaN,0,0,NaN,NaN,NaN
0,0.563041,0.251115,0.267803,0.486671,0.141757,0.409956,0.346936,0.308754,0.286841,0.473689,0.472788,0.443162,0.290277,0,0.172197,0.14518,0.14518,0.112551,0.468326,0.241092,0.427785,0.256444,0.443162,0.367866,0,0.334235,0,0,0.219197,0.146955,0.206083,0.360621,0.322417,0.38425,0.292026,0.189847,0.251115,0.210277,0.211506,0.239498,0,0.259194,0.320997,0.325294,0.168579,0.199818,0.216572,0.255091,0.215283,0.0761525,0.20786,0.341744,0.393513,0.188362,0.302594,0.418093,0.19872,0.328813,0.244756,0.080223,0.0636384,0.146062,0.219197,0.336546,0.269294,0.177269,0.213379,0.381256,0.130948,0.124183,0.296189,0.120449,0,0.553212,0.418093,0.353649,0.393513,0.52408,0,0,0.353649,0,0,0,0.563041,0,0,0,0,0,0.992293,0,0.887844,NaN,NaN,0,0,NaN,NaN,NaN
0,0,0.65882,0.406561,0.160699,0.150636,0.122913,0.135372,0.290277,0.297399,0.231832,0.259194,0.259194,0.413406,0,0.297399,0.150636,0.548416,0.116933,0.2708,0.431532,0.13239,0.262002,0.179918,0.150636,0.491472,0.527749,0,0.227462,0.215283,0.14518,0.204336,0.253752,0.246002,0.128155,0.288548,0.199267,0.179918,0.205497,0.209668,0.297399,0.362047,0.373491,0.234839,0.226042,0.226042,0.146062,0.217877,0.353649,0.214009,0.143448,0.140926,0.219197,0.280204,0.249817,0.249817,0.306803,0.247261,0.151585,0.257812,0.230357,0.237535,0.209061,0.0733605,0.0970863,0.219197,0.0853555,0.291441,0.215283,0.140105,0.138492,0.36151,0.221207,0.154507,0.468326,0.522263,0.197633,0.640087,0.200929,0.539048,0.286841,0.575782,0.784329,0,0,0.648004,0.443162,0,0.842732,0,0,0,0.992293,0,0,0,0,0,-Inf,NaN,NaN
0,0,0,0,0.334235,0.143448,0.122913,0.13239,0,0.463944,0.357101,0,0.463944,0.316811,0.290277,0.167406,0.290277,0,0,0.353649,0.343673,0.264871,0.371597,0.304875,0.290277,0.290277,0.179918,0.219197,0.20786,0,0.154507,0.286841,0.23408,0.229627,0.231832,0.345623,0.269794,0.334235,0,0.258271,0.293795,0.375403,0.336081,0.292026,0.151585,0,0.266329,0.280204,0.200929,0.0829955,0.302594,0.133865,0.148772,0.147858,0.136139,0.189349,0.237925,0.194443,0.423579,0.204336,0.224639,0.285489,0.146955,0.321847,0.258271,0.153521,0.452436,0.194443,0.372541,0.276999,0,0,0.121668,0.262002,0.150636,0.334235,0.353649,0,0.20786,0.316811,0,0.353649,0,0.589055,0,0,0,0,0,0,0,0,0,0,0,0,0,NaN,NaN,NaN,NaN
0,0,0,0.406561,0.174696,0.379285,0.229627,0.125479,0.283484,0.283484,0.375403,0.120449,0.286841,0,0.162874,0,0.160699,0.297399,0.13239,0.262002,0.243522,0.251115,0,0,0.427785,0.148772,0.188362,0.20786,0.406561,0.219197,0.15858,0.102909,0.231832,0,0,0.288548,0.36151,0.0925952,0.205497,0.0933146,0.297399,0.0905018,0.220532,0.217877,0.267803,0.299234,0.142598,0.2708,0.14518,0.425322,0.143448,0.181729,0.0751986,0,0.133123,0.302594,0.152547,0.186419,0.214009,0.139294,0.148772,0.0703514,0.0703514,0.209061,0.312731,0.227462,0.297399,0.327484,0.303604,0.133865,0.256444,0.101175,0.431532,0.364208,0.375403,0.43792,0.191355,0.393513,0.191355,0,0.256444,0.343673,0,0,0.413406,0.648004,0.756684,0.71757,0,0.968324,0,0,0,0,0,0,0,NaN,NaN,NaN,NaN
0,0,0,0.246002,0.320997,0.148772,0.221207,0.120449,0.506428,0.38729,0.264871,0.23408,0.146955,0.308754,0.169768,0.177269,0.293795,0.304875,0.337324,0.2708,0.472788,0.248533,0,0.162874,0.43792,0,0.169768,0.215283,0.219197,0,0.308754,0.194443,0.238708,0.116933,0,0.364208,0.197633,0.0978775,0.278592,0.170974,0.0865864,0.384854,0.0761525,0.211506,0.212751,0,0.264871,0.276999,0.223253,0.15858,0.070766,0.122913,0.148772,0.320152,0.0679617,0.0699415,0.257812,0.350261,0.308754,0.320152,0.0766386,0.0703514,0.134614,0.318473,0.174696,0.156517,0.347596,0.251115,0.106561,0,0.227462,0.200929,0,0.264871,0.14518,0.454018,0,0.486671,0.312731,0.308754,0.262002,0.527749,0,0.334235,0.664342,0.516882,0,0,0,0,0,0,0,0,0,0,-Inf,0,NaN,NaN,NaN
0,0,0.286841,0.420476,0,0.148772,0.215283,0,0.304875,0.156517,0.264871,0.124183,0.367866,0.177269,0,0.177269,0.293795,0.496364,0,0.136914,0.143448,0.135372,0.262002,0.286841,0.194443,0.141757,0.16511,0.20786,0,0.215283,0.301092,0.107514,0.488581,0.301092,0.306158,0.482626,0.196025,0.34859,0.163984,0.304875,0.157542,0.267803,0.14518,0.276999,0.140105,0.084159,0.080223,0.141757,0.0771309,0.347596,0.202052,0.0607403,0.210277,0.327044,0.136139,0.256444,0.351947,0.394418,0.405601,0.195496,0.0724748,0.143448,0.253752,0.328813,0.160699,0.0859665,0.288548,0.432795,0.34859,0.129537,0.236372,0.29862,0.353649,0.286841,0.243522,0.471291,0,0.241092,0,0,0.267803,0.506428,0.413406,0.364208,0.681369,0.496364,0,0,0.71757,0,0,0,0,0,0,0,NaN,0,NaN,NaN,NaN
0,0,0,0.231832,0.177269,0.481958,0.1147,0.550804,0.511605,0.276999,0.283484,0.413406,0.2708,0.316811,0.167406,0,0.297399,0.486671,0.14518,0.138492,0.262002,0.343673,0.264871,0,0.194443,0.264871,0.312731,0,0.20786,0,0.283484,0,0.334235,0.301092,0.101175,0,0.184044,0.108485,0.0829955,0.318891,0.295587,0.0940453,0.321847,0.212751,0.262002,0.219197,0.275423,0.417418,0.463944,0,0.133865,0.222225,0.205497,0.140926,0.0733605,0.457516,0.0636384,0.413406,0.203188,0.308754,0.139294,0.257812,0.194443,0.150636,0.349591,0.420476,0,0.377723,0.353649,0.241092,0.113615,0.229627,0.496364,0,0,0.338889,0,0.227462,0.334235,0.468326,0,0.539048,0.399934,0.784329,0,0,0.589055,0.617303,0,0,0,0,0,0,0,0,NaN,0,NaN,NaN,NaN
0,0,0,0.681369,0,0.273865,0.223253,0.243522,0.427785,0,0.283484,0.126804,0.511605,0.276999,0.169768,0.312731,0,0.14518,0.136914,0.273865,0.379285,0,0.360621,0.16511,0,0.156517,0.290277,0.353649,0.194443,0.413406,0.152547,0.0970863,0.343673,0.322417,0.179918,0.185462,0.181273,0.1869,0.172197,0.163984,0.160699,0.172197,0.276999,0.263428,0.210277,0.328813,0.445447,0.14518,0.399934,0.149699,0.257812,0.175545,0.072915,0.272324,0.197633,0,0.183576,0.310333,0.217877,0.305643,0.133865,0.264871,0.350261,0.215283,0.295587,0.169768,0.161779,0.310731,0.105624,0.4241,0.209668,0.231832,0.431532,0.262002,0.283484,0.177269,0.522263,0.607625,0.364208,0.236372,0.280204,0.301092,0.648004,0,0.364208,0,0,0,0,0,0,0,0,0,0,0,NaN,0,NaN,NaN,NaN
0,0,0,0.451257,0.471291,0.135372,0.231832,0.130948,0,0,0.14518,0.325294,0,0.422885,0.188362,0,0.182648,0.148772,0.135372,0.375403,0.14518,0.135372,0.256444,0.273865,0.34859,0.379285,0.177269,0.334235,0,0.262002,0,0.323132,0.246002,0.322417,0.1869,0.0970863,0.280204,0.241092,0.0955416,0.219197,0.233326,0.170974,0.330601,0.143448,0.385258,0.543694,0.228901,0.154507,0.292026,0.339836,0.199818,0.229627,0.345297,0.263428,0.190347,0.367866,0.461543,0.202052,0.332408,0.130239,0.127476,0.494178,0.246002,0.355712,0,0.175973,0.168579,0.366394,0.436886,0,0.102909,0.346936,0.435343,0.455411,0.472788,0.320997,0.188362,0,0.215283,0.563041,0,0,0.664342,0.375403,0.375403,0.496364,0,0.975811,0,0,0,0,0,0,0,0,NaN,0,NaN,NaN,NaN
0,0,0,0.223253,0.509868,0.334235,0.236372,0.236372,0.58368,0.286841,0.443162,0.238708,0.143448,0.308754,0.194443,0.150636,0.45964,0,0.150636,0.140105,0.141757,0.375403,0.248533,0.141757,0.334235,0.273865,0.167406,0.334235,0,0.241092,0.148772,0.267803,0.121668,0.23408,0,0,0.102035,0.227462,0.192887,0.153521,0.228901,0.0853555,0.351608,0.144309,0.0807626,0.140926,0.379285,0.230357,0.275423,0.209061,0.321847,0.0675791,0.241092,0.202052,0.196559,0.371597,0.246002,0.308754,0.219197,0.38729,0.183576,0.211506,0.124828,0.233326,0.0829955,0,0.174696,0.295587,0.231832,0.393513,0,0.322417,0.343673,0.14518,0.138492,0,0.182648,0,0.420476,0.262002,0.325294,0.308754,0,0.353649,0,0,0.617303,0,0,0,0.71757,0,0,0,0.968324,0,NaN,1,NaN,NaN,NaN
0.968324,0,0.280204,0.219197,0.197633,0.548416,0,0.116933,0.160699,0.308754,0,0.31959,0.286841,0.427785,0.325294,0,0,0.248533,0,0.146955,0.280204,0.150636,0.140105,0.246002,0,0.148772,0,0.174696,0.204336,0,0.148772,0.102035,0.126804,0.221207,0.0994991,0.231832,0.0963077,0.347596,0.282382,0.217877,0.161779,0.230357,0,0.332408,0.0771309,0.383247,0.157542,0.230357,0.332408,0.320152,0.2708,0.293795,0.241092,0.377335,0,0.377335,0.195496,0.308754,0.362405,0.13239,0.127476,0.0699415,0.399934,0.306803,0.227462,0.368607,0.185462,0.152547,0.122913,0.311394,0.436886,0.227462,0.322417,0.262002,0.2708,0,0.320997,0.554828,0,0.427785,0.334235,0,0.632334,0.589055,0.632334,0.736764,0,0.887844,0,0,0,0,0,0,0,0,NaN,NaN,NaN,NaN,NaN
0,0,0.267803,0,0.364208,0.297399,0.353649,0.31959,0.280204,0.527749,0.259194,0.246002,0,0.286841,0.45964,0.169768,0,0.435343,0,0.14518,0,0,0.360621,0.431532,0.174696,0.383247,0.182648,0.477331,0,0,0.286841,0,0.119253,0,0.192887,0.16625,0.172197,0.244343,0.192887,0.263428,0.536182,0.228901,0.399934,0.147858,0.216572,0.140926,0.334235,0.292026,0.0756725,0.327044,0.217877,0.481439,0.305643,0.072915,0.360621,0.206672,0.409467,0.302594,0.199818,0.136914,0.289583,0.257812,0.304111,0.169768,0.0813095,0.0911889,0.0872153,0,0.664342,0.656088,0.306158,0.115806,0.243522,0.143448,0,0.399934,0.43792,0.231832,0.241092,0.241092,0.325294,0.334235,0.375403,0,0.443162,0,0,0,0,0,0,0.968324,0,0.992293,0,0,NaN,NaN,NaN,NaN,NaN
0,0,0.286841,0.320997,0.353649,0.391417,0.148772,0.406561,0.150636,0.162874,0.259194,0.264871,0.264871,0.477331,0,0.169768,0.304875,0,0.14518,0.146955,0.375403,0.391417,0,0.451257,0,0.301092,0.15858,0.503031,0.427785,0,0,0.358852,0.306158,0.306158,0.0986817,0.170974,0.242707,0.236372,0.356231,0.2708,0.318891,0.163984,0.301092,0.194443,0.227462,0.321847,0.0776296,0,0.221885,0.377335,0.330601,0.196559,0.310333,0.496364,0.253752,0.266329,0.0716103,0.26059,0.209061,0.0675791,0.195496,0.136914,0.194443,0,0.167406,0.308754,0.233326,0.178584,0.325294,0.128155,0.316811,0.520458,0.136914,0,0.143448,0.15858,0.182648,0.215283,0.406561,0.427785,0.343673,0,0.617303,0.353649,0.736764,0.45964,0.982361,0,0,0,0.968324,0.798583,0,0,0,0,0,NaN,NaN,NaN,NaN
0,0,0.280204,0.197633,0,0,0.273865,0.1147,0.141757,0.43792,0.264871,0,0.243522,0.308754,0,0.169768,0.154507,0.267803,0.267803,0,0,0,0.276999,0.357101,0.391417,0.316811,0.16511,0,0,0.227462,0.273865,0.280204,0.122913,0,0,0.0898248,0.0865864,0.178584,0.399934,0.0776296,0.0940453,0.157542,0.418093,0.216572,0.0786466,0.336081,0.217877,0.210277,0.332408,0.0738116,0.14518,0.199818,0.134614,0.19872,0.147858,0.193403,0.266329,0.252427,0.0711856,0.39624,0.130948,0.135372,0.0724748,0.272324,0.299234,0.273865,0.224639,0.38729,0.416911,0.23408,0.246002,0.316811,0.435343,0.251115,0.367866,0.156517,0,0.503031,0.443162,0.420476,0.343673,0,0.353649,0.798583,0.427785,0,0,0,0.798583,0.887844,0.968324,0,0,0,0,0,0,NaN,NaN,NaN,NaN
0,0,0,0.569346,0.454018,0.172197,0.360621,0.38425,0.360621,0.182648,0.136914,0.371597,0.253752,0.293795,0,0,0,0.248533,0,0.152547,0.122913,0,0.360621,0.160699,0,0.179918,0.320997,0,0,0,0.375403,0.303604,0.29862,0.200929,0.189847,0.443162,0.0824259,0.175973,0.336546,0.332408,0.0963077,0.0756725,0.306803,0.263428,0.339836,0.293795,0.212751,0.334235,0.262002,0.272324,0.224639,0.127476,0,0.191355,0.285153,0.332712,0.152547,0.308754,0.193403,0.244756,0.194443,0.129537,0.133123,0.210277,0.169768,0.331955,0.231832,0.329705,0.420476,0.126804,0,0.116933,0.364208,0.136914,0,0.297399,0.334235,0,0,0.563041,0.308754,0.280204,0,0.45964,0.375403,0,0.887844,0,0.756684,0,0,0,0,0,0.992293,NaN,0,NaN,NaN,NaN,NaN
0.999756,0,0,0.185462,0,0.185462,0.136914,0.409956,0.238708,0.320997,0.2708,0.141757,0.322417,0.316811,0.177269,0.312731,0.156517,0,0.2708,0.267803,0.241092,0.293795,0.371597,0.297399,0,0,0.160699,0.177269,0.182648,0.204336,0.15858,0,0.194443,0.112551,0.260123,0.314759,0.292026,0.263908,0,0.321847,0.173438,0.379285,0.435343,0.200929,0.223253,0.217877,0.293795,0.273865,0.209061,0.146062,0.152547,0.290974,0.401806,0.205497,0.163984,0.392613,0.0761525,0.357101,0.193403,0.130948,0.296671,0.247261,0.427785,0.266329,0,0.306803,0.314759,0.329705,0.128155,0.223253,0.128155,0.130948,0.246002,0.238708,0.253752,0.156517,0.427785,0.223253,0,0.420476,0.286841,0,0.334235,0.496364,0.38729,0,0,0,0,0,0,0,0,0,0,NaN,0,NaN,NaN,NaN,NaN
0,0,0,0.465396,0.320997,0.167406,0,0.135372,0.31959,0,0.253752,0.140105,0.128155,0.172197,0.167406,0.162874,0.150636,0.136914,0.463944,0,0.259194,0.169768,0,0,0.371597,0.172197,0.316811,0.177269,0,0,0,0.211506,0.1869,0.116933,0.177269,0.325294,0.154507,0.256444,0.0970863,0.155505,0.162874,0.214009,0.0940453,0.138492,0.285153,0.375403,0.418093,0.212751,0.138492,0.320152,0.328813,0.249817,0.138492,0.262002,0.285153,0.0691359,0.143448,0.308754,0.072915,0.246002,0.392613,0.23408,0.0720399,0.147858,0.452436,0,0.325294,0.263908,0,0.340469,0.221207,0.550804,0.451257,0.23408,0.367866,0,0.160699,0.215283,0.280204,0.598212,0.690149,0.334235,0.325294,0,0.427785,0,0,0.617303,0,0,0,0,0,0,0,0,0,NaN,NaN,NaN,NaN
0,0.563041,0.563041,0.197633,0,0.162874,0,0.337324,0.236372,0.191355,0.45964,0.273865,0.328221,0.308754,0.600074,0.422885,0,0.14518,0.652603,0.13239,0,0.280204,0.371597,0.167406,0.283484,0.15858,0.329705,0.316811,0.185462,0,0,0.112551,0.329705,0.369722,0,0,0.288548,0.331955,0,0.304875,0.224639,0.212751,0.246002,0.152547,0.142598,0.139294,0.0911889,0,0.136139,0.14518,0.205497,0.263428,0.252427,0.0747304,0.328813,0.238708,0.144309,0.263428,0.366028,0.188362,0.296671,0.238708,0.200929,0.403695,0.0835733,0.320997,0.249387,0.407912,0.118082,0.484775,0.215283,0.334235,0.138492,0.353649,0,0.259194,0.304875,0,0.246002,0.293795,0.607625,0.563041,0,0.427785,0,0,0,0.617303,0.71757,0,0,0,0,0,0,0,0,NaN,NaN,NaN,NaN
0,0,0,0.197633,0.179918,0.432795,0.133865,0.322417,0,0.325294,0.256444,0.501348,0.443162,0.169768,0.443162,0.308754,0.264871,0.262002,0.477331,0,0.256444,0.360621,0.297399,0,0.280204,0,0.177269,0,0.375403,0.304875,0.283484,0.381256,0.254643,0.291441,0.184044,0.228901,0.422885,0.256444,0.316811,0.246002,0.283484,0.0776296,0.0853555,0.204336,0.209061,0.269294,0.320997,0.308754,0.259194,0.150636,0.196559,0.305643,0.199818,0.147858,0.2708,0.246002,0.315167,0.206672,0.143448,0.202052,0.329705,0.380409,0.355366,0.14518,0.353649,0.530532,0.246002,0.263908,0,0.488581,0.539048,0.316811,0.251115,0.357101,0.371597,0.280204,0.578393,0.231832,0.52408,0.286841,0.598212,0,0.301092,0,0.736764,0.38729,0,0.648004,0,0.798583,0,0,0,0,0,NaN,0.992293,NaN,NaN,NaN,NaN
0,0,0,0.358852,0.338889,0,0.262002,0.328221,0.125479,0.15858,0.143448,0.167406,0.256444,0,0,0.617303,0.357101,0,0.262002,0,0.371597,0,0.146955,0,0.301092,0.286841,0,0.172197,0,0,0,0.227462,0.375403,0,0.185462,0.220532,0.181273,0.318891,0.302972,0.239498,0.155505,0.0807626,0.278592,0.256444,0.19872,0.481958,0.0878533,0.313539,0.362405,0.142598,0.203188,0.0664569,0.2708,0.316811,0.215283,0.244756,0.072915,0,0.373491,0.26059,0.22854,0.180819,0.455411,0.264871,0.364208,0.0872153,0.394781,0,0.223253,0.124183,0.238708,0.113615,0.251115,0.253752,0.379285,0,0.290277,0.406561,0,0.563041,0.262002,0.550804,0.550804,0.539048,0,0,0,0,0.71757,0,0,0.842732,0,0,0,NaN,0,NaN,NaN,NaN,NaN
0,0,0.38729,0,0.477331,0,0.126804,0.243522,0.248533,0.141757,0.408818,0.427785,0.256444,0.293795,0,0,0,0.150636,0.516882,0.129537,0.140105,0,0,0.172197,0.286841,0.304875,0.167406,0.169768,0.34859,0.308754,0,0.115806,0.0918866,0,0.45964,0.0818639,0.246002,0.174696,0.395631,0.174696,0.214009,0.301092,0.215283,0.308754,0.263428,0.286841,0.299234,0.455411,0.215283,0.204336,0.199818,0.338889,0.141757,0.204336,0.267803,0.346936,0,0.146955,0.330601,0.137698,0.219197,0.307191,0.249817,0.205497,0.237925,0.237925,0.265841,0.188362,0.45291,0.241092,0.125479,0.108485,0.337324,0,0.418093,0,0.304875,0.215283,0.197633,0,0.45964,0,0,0.550804,0.45964,0.399934,0.71757,0,0,0,0,0,0,0,0,NaN,NaN,0,NaN,NaN,NaN
0,0,0.399934,0.393513,0.15858,0.34859,0.23408,0.238708,0.337324,0,0,0,0,0,0.308754,0,0.443162,0,0.241092,0.508487,0.141757,0.286841,0.154507,0.174696,0,0.150636,0,0,0.185462,0.329705,0.443162,0.366945,0.318891,0.369722,0.189847,0.0853555,0.156517,0.181273,0.223253,0.168579,0.157542,0.221885,0.219197,0.14518,0.320152,0.276999,0.362047,0.463944,0.0771309,0.19872,0.307191,0.192374,0.193403,0.148772,0.070766,0.130948,0.179918,0.321847,0.425672,0.0683487,0.306158,0.19872,0.196559,0.195496,0.168579,0.237925,0.258271,0.38729,0.45291,0.447175,0.409956,0.489862,0.251115,0.371597,0.156517,0.154507,0,0,0,0,0.477331,0,0.66994,0,0.872827,0.648004,0.931281,0,0,0,0,0.756684,0.999756,0,1,NaN,NaN,0,NaN,NaN,NaN
0,0,0,0,0.2708,0.316811,0.251115,0.4241,0.23408,0.148772,0.293795,0,0.38729,0,0.325294,0,0.273865,0.2708,0.128155,0.128155,0.383247,0.286841,0.399934,0,0.169768,0.150636,0.177269,0.465396,0.509868,0.471291,0.185462,0.196025,0.0925952,0.107514,0.0970863,0.167406,0.156517,0.275946,0.152547,0.0911889,0.231832,0.150636,0.15858,0.136914,0.153521,0.266329,0.339836,0.228901,0.146955,0.255091,0.136139,0.205497,0.126804,0.139294,0.358852,0.188362,0.121668,0.273865,0.0818639,0.411673,0.373763,0.137698,0.247261,0.252427,0.312731,0.380071,0,0.251115,0.396698,0.343673,0.219197,0.209668,0.353649,0.259194,0,0.148772,0.179918,0.595899,0.194443,0,0,0,0.563041,0,0,0,0.648004,0.71757,0.71757,0,0,0.842732,0,0,NaN,NaN,NaN,0,NaN,NaN,NaN
0,0.45964,0,0.369722,0,0.34859,0.379285,0.133865,0.337324,0.443162,0.408818,0.15858,0,0.320997,0.418093,0.167406,0.283484,0.154507,0.122913,0.350261,0.143448,0.143448,0.293795,0.501348,0.506428,0.2708,0.320997,0.477331,0,0,0,0.529336,0.353649,0.192887,0.258271,0.237925,0.219197,0.182648,0.267803,0.0925952,0.285153,0.0818639,0.140926,0,0.2708,0.153521,0,0.162874,0.150636,0.182648,0.212751,0.202052,0.225338,0.262002,0.246002,0.185462,0.0607403,0.147858,0.221885,0.129537,0.122913,0.176403,0.437273,0.257812,0.170974,0.169768,0,0.362047,0.119253,0,0.219197,0.124183,0.477331,0.146955,0,0.371597,0.544868,0.743325,0.204336,0,0.550804,0,0,0,0,0,0,0,0,0,0,0.842732,0.931281,0,NaN,NaN,NaN,0,NaN,NaN,NaN
0,0,0,0.223253,0.251115,0.465396,0.301092,0.353649,0,0.133865,0.160699,0.286841,0.256444,0,0.152547,0.185462,0.301092,0.589055,0.122913,0,0.267803,0.276999,0.290277,0.160699,0.179918,0.276999,0.188362,0.353649,0.435343,0.174696,0.182648,0.20786,0,0.275946,0.419043,0.234839,0.221885,0.0947875,0.136139,0.260123,0.349591,0.273865,0.318473,0.321847,0.373491,0.148772,0.278592,0.219197,0.0771309,0.236372,0.273865,0.323562,0.282822,0.295226,0.295226,0.326751,0.223253,0.492011,0,0.34859,0.323849,0.230724,0.269294,0.311928,0.427785,0.244343,0.246002,0.16625,0.189847,0.236372,0.477331,0.23408,0.470101,0.391417,0.256444,0.154507,0,0.34859,0.364208,0,0.334235,0,0.364208,0.353649,0.602886,0.45964,0.617303,0,0,0.968324,0,0,0,0,NaN,NaN,NaN,0,NaN,NaN,NaN
0.968324,0.516882,0,0.580146,0.267803,0,0.154507,0.58368,0.343673,0,0.160699,0.432795,0.133865,0.329705,0.2708,0.188362,0.443162,0.304875,0.227462,0.267803,0.130948,0.162874,0,0.152547,0.172197,0.2708,0.200929,0.191355,0.589055,0.179918,0.527749,0.1147,0.182648,0.191355,0.108485,0.169768,0.224639,0.251115,0.256444,0.308754,0.084159,0.0742682,0.278592,0,0.269294,0.216572,0.263428,0.224639,0.0724748,0.190347,0.141757,0.139294,0.253752,0.226395,0.425934,0.195496,0.358099,0.200929,0.325294,0,0.182648,0.0604346,0.327044,0.272324,0.318891,0.159633,0.181273,0.366394,0.0963077,0.223253,0.126804,0.413406,0.236372,0.283484,0.267803,0.293795,0.343673,0.188362,0.200929,0,0.301092,0.375403,0.38729,0.550804,0.413406,0,0.539048,0,0,0,0,0,0,0,NaN,NaN,NaN,0,NaN,NaN,NaN
0,0,0,0.251115,0,0.448528,0.150636,0.146955,0.357101,0.121668,0.304875,0.293795,0.353649,0.443162,0,0.169768,0.174696,0.320997,0.129537,0,0.129537,0.286841,0.177269,0.148772,0,0.2708,0.353649,0.211506,0,0.211506,0,0.463077,0.343673,0.178584,0.20786,0.37311,0.353649,0.366394,0.203188,0.249387,0.293795,0.152547,0.150636,0.0733605,0.14518,0.0766386,0.375403,0.402119,0.26059,0.238708,0.193403,0.151585,0.418687,0.126804,0.182648,0.0720399,0.38729,0.205497,0.468326,0.133123,0.231832,0.227462,0.379285,0.346936,0,0.359911,0.0918866,0.167406,0.170974,0.331201,0.393513,0.129537,0.325294,0.427785,0.379285,0.16511,0.369722,0.358852,0,0.20786,0.334235,0,0,0.602886,0.681369,0,0,0.887844,0,0,0,0,0,0,NaN,NaN,NaN,0,NaN,NaN,NaN
0,0,0,0,0,0.422885,0,0.259194,0.150636,0.118082,0.154507,0.375403,0.253752,0.15858,0.162874,0,0,0.343673,0.23408,0.529973,0.243522,0.146955,0.177269,0.486671,0,0.148772,0.617303,0.516882,0,0,0.167406,0.409956,0,0.174696,0.29862,0.0898248,0.351608,0.355712,0.072915,0.170974,0.295587,0.147858,0.143448,0.206672,0.318473,0.155505,0.147858,0.0796905,0.139294,0.0699415,0.131665,0.219197,0.296671,0.179918,0.528758,0.139294,0.285489,0.286841,0.148772,0.449207,0.318195,0.195496,0.281835,0.130239,0,0.160699,0.380071,0.16625,0.323132,0.229627,0.477331,0.504384,0.301092,0.162874,0.262002,0.160699,0.211506,0.197633,0.509868,0.38729,0.308754,0,0,0,0.45964,0,0.777306,0,0,0,0,0,0,0,NaN,NaN,NaN,0,NaN,NaN,NaN
0,0,0,0.246002,0.160699,0.312731,0.290277,0.360621,0.395631,0.116933,0.148772,0,0.463944,0.468326,0.443162,0.432795,0.379285,0,0,0.4241,0.256444,0.143448,0.325294,0,0,0.395631,0.211506,0.381256,0,0,0.290277,0,0,0.0905018,0.109474,0.242707,0.304875,0.280204,0.154507,0.318891,0.293795,0.215283,0.141757,0.212751,0.0711856,0.163984,0.0751986,0.212751,0,0.311928,0.238708,0.142598,0.302594,0.197633,0.0672009,0.0687401,0.0636384,0.194443,0.139294,0.26059,0.326751,0.191355,0.332408,0.251115,0.258271,0.157542,0.392253,0.249387,0.448528,0.456252,0.364208,0.340469,0.108485,0.167406,0.371597,0.308754,0.197633,0.632334,0,0,0.316811,0.325294,0,0,0.45964,0.589055,0,0.931281,0,0.931281,0.798583,0,0,0.999756,NaN,NaN,NaN,0,NaN,NaN,NaN
0,0,0.301092,0,0.334235,0.422885,0,0.253752,0,0.229627,0.267803,0.253752,0.156517,0,0.34859,0.443162,0.286841,0.353649,0.140105,0.133865,0.135372,0.243522,0.304875,0.283484,0.280204,0.293795,0.194443,0,0.236372,0.364208,0.280204,0.121668,0.366945,0.4992,0.189847,0.544868,0.370845,0.276999,0.362047,0,0.0824259,0.0791652,0.142598,0.217877,0.133865,0.157542,0.0724748,0.147858,0.379285,0.19872,0.192374,0.26059,0.0699415,0.197633,0.247261,0.0646669,0.285489,0.23408,0.255091,0.0716103,0.350261,0.0675791,0.353649,0.13239,0.329705,0.349591,0.242707,0,0.192887,0,0.236372,0.133865,0.125479,0.152547,0.2708,0.169768,0.197633,0.539048,0.364208,0.381256,0.527749,0,0,0,0,0,0.539048,0,0,0.798583,0,0.842732,0,NaN,0,NaN,0,0,NaN,NaN,NaN
0,0,0,0.200929,0.194443,0.443162,0.399934,0.129537,0,0.346936,0.136914,0.343673,0.143448,0.14518,0,0.329705,0.160699,0.595899,0.399934,0.246002,0.130948,0.23408,0,0.589055,0.154507,0,0,0,0.256444,0,0.262002,0,0.286841,0.189847,0.260123,0.0933146,0.0891579,0.0835733,0.167406,0.244343,0.0766386,0.148772,0.211506,0.139294,0.204336,0.327044,0.200929,0.276999,0.142598,0.253752,0.130239,0.195496,0.0742682,0.186419,0.135372,0.119253,0.124183,0.229627,0.199818,0.128843,0.379285,0.188362,0.341744,0.264871,0,0.269294,0.474725,0.566177,0.282382,0.197633,0.316811,0.525542,0.229627,0.280204,0.138492,0.391417,0,0,0,0.695502,0.316811,0.325294,0.375403,0,0.813093,0.71757,0,0,0.842732,0.798583,0.798583,0.887844,0,NaN,0,0,0,0,NaN,NaN,NaN
0,0,0.325294,0.375403,0.197633,0,0.286841,0.248533,0.251115,0.357101,0.246002,0.136914,0.280204,0,0.185462,0,0.162874,0.477331,0.539048,0.357101,0.120449,0.346936,0.320997,0.276999,0,0,0,0,0.223253,0.200929,0,0.200929,0.366945,0.191355,0.265841,0.247684,0,0.239498,0.362047,0.084159,0.214009,0.278592,0.402119,0.311928,0.45964,0.273865,0.139294,0.269294,0.273865,0.255091,0.340469,0.137698,0.193403,0.200929,0.0695363,0.116933,0.243522,0.231832,0.133865,0.301092,0.470547,0.119253,0,0.371597,0.174696,0.217877,0.297399,0.209668,0.101175,0.102909,0.110481,0,0.496364,0.38729,0.136914,0.262002,0,0,0.215283,0.648004,0,0.589055,0,0,0,0,0,0,0,0.842732,0,0,0,NaN,0,0,0,0,NaN,NaN,NaN
0,0.496364,0.334235,0,0,0.489862,0.329705,0.221207,0.343673,0.256444,0.122913,0,0,0,0,0.177269,0.172197,0.338889,0,0.331201,0.120449,0,0.312731,0.140105,0.143448,0.16511,0.301092,0.227462,0.215283,0,0.160699,0.20786,0.200929,0.0947875,0.265841,0.334235,0.237925,0.0859665,0.161779,0.157542,0.353649,0.330601,0.278592,0.255091,0.256444,0.146955,0.244756,0.255091,0.332408,0.206672,0.192374,0.0650171,0.181729,0.0742682,0.307191,0.265452,0.284149,0.0664569,0.353649,0.186419,0.285153,0.273865,0.509004,0.141757,0.249387,0.151585,0.591775,0.215283,0.10033,0.197633,0.375403,0.364208,0.580146,0.146955,0.447175,0.38729,0.343673,0,0.204336,0,0.451257,0.375403,0,0.413406,0,0,0,0,0,0,0,0,0,0,0,0,NaN,0,0,NaN,NaN
0,0.539048,0,0,0.174696,0.338889,0.334235,0.23408,0.364208,0,0.13239,0.241092,0.371597,0.143448,0,0.200929,0.404328,0.329705,0.338889,0.243522,0.215283,0.128155,0.38729,0,0.2708,0.408818,0,0,0.204336,0,0.312731,0.306158,0.289123,0,0.451257,0.0970863,0.254643,0.084753,0.234839,0.292026,0.16625,0.223253,0.150636,0.290277,0.134614,0.137698,0.19872,0.26059,0.0813095,0.249817,0.184514,0.346936,0.443162,0.251115,0.315167,0.229627,0.173856,0.239894,0.0733605,0.431532,0.423579,0.194443,0.341744,0.272324,0.312731,0.15858,0.316811,0.293795,0.102035,0.271815,0.217222,0.135372,0.23408,0.286841,0.264871,0.404328,0,0.219197,0.182648,0.231832,0.262002,0,0,0.375403,0.777306,0.589055,0,0.681369,0,0.842732,0,0.999756,0,0,0,0,NaN,0,0,NaN,NaN
0,0,0,0.273865,0.177269,0,0,0.129537,0.2708,0.337324,0.141757,0.236372,0,0,0,0.20786,0.286841,0,0.308754,0.126804,0,0.343673,0.264871,0.14518,0.280204,0.395631,0.154507,0.435343,0,0.211506,0.413406,0.399934,0.196025,0.258271,0.258271,0.184044,0.308754,0.384854,0.0865864,0.286841,0.0963077,0.206672,0.151585,0.152547,0.257812,0.197633,0.195496,0.247261,0.345623,0.350261,0.383819,0.182648,0.541362,0.13239,0.413406,0.236372,0.268994,0.183576,0.379285,0,0.252427,0.202052,0.436444,0.220532,0.310731,0.413406,0.306803,0.296189,0.263908,0.278059,0.463077,0.259194,0.231832,0,0,0.140105,0.194443,0.204336,0.191355,0.413406,0.251115,0.334235,0.399934,0.443162,0,0,0,0.589055,0,0,0.931281,0,0,0,1,0,NaN,0,0,NaN,NaN
0,0,0.486671,0,0.527749,0.338889,0,0.23408,0.463944,0.124183,0.256444,0.468326,0.13239,0.135372,0,0.34859,0.486671,0.191355,0.160699,0.122913,0.554828,0,0,0.491472,0.413406,0.148772,0.148772,0.236372,0,0.554828,0,0.136914,0.102035,0.331955,0.0978775,0.0872153,0.0885008,0.413406,0,0.211506,0.0986817,0.0738116,0,0.217877,0.301092,0.197633,0.308754,0.246002,0.214009,0.20786,0.0687401,0.0664569,0.318473,0.184514,0.142598,0.242301,0.225338,0.454018,0.328813,0.251115,0.417418,0.263428,0.436444,0.144309,0.236372,0.370845,0.509004,0.296189,0.251115,0.284594,0.443162,0.143448,0.477331,0,0.146955,0.140105,0.194443,0.681369,0.197633,0,0.477331,0.325294,0.399934,0.699107,0.71757,0,0,0.681369,0,0,0,0,0,0,NaN,0,NaN,0,0,NaN,NaN
0,0,0.293795,0,0.43792,0.364208,0.150636,0.13239,0.140105,0.539048,0.364208,0,0.262002,0.130948,0.162874,0.34859,0.325294,0.169768,0.146955,0.122913,0.122913,0.14518,0.343673,0.154507,0.308754,0.573192,0.150636,0.393513,0.194443,0,0.312731,0,0.364208,0.269794,0.262002,0.0872153,0.493557,0.177269,0.239498,0.273865,0.267803,0.209061,0.157542,0.377335,0.205497,0.129537,0.184514,0.244756,0.206672,0.210277,0.251115,0.308754,0.0766386,0.334235,0.199818,0.194443,0.35074,0.292378,0.210277,0.253752,0.0733605,0.266329,0,0.217877,0.16625,0.244343,0.175973,0.188362,0.338889,0.338889,0,0.130948,0,0.472788,0.160699,0.468326,0,0.656088,0.219197,0.375403,0.286841,0.563041,0.413406,0.45964,0,0,0.589055,0,0,0,0,0,0,0.992293,NaN,0,NaN,0,0,NaN,NaN
0,0,0,0,0.188362,0,0,0,0,0.219197,0.138492,0.174696,0.383247,0.231832,0.150636,0.304875,0.358852,0.154507,0.283484,0.229627,0.23408,0.367866,0.248533,0,0.172197,0.162874,0.283484,0,0.179918,0.420476,0,0.253752,0.306158,0,0.102035,0.172197,0.168579,0.430276,0.0824259,0.0776296,0.189847,0.272324,0.280204,0.531466,0.367866,0.242301,0.128155,0.185462,0.313539,0.325294,0.0720399,0.126804,0.149699,0.345297,0.135372,0.358852,0.231832,0.288206,0.381256,0.197633,0.192374,0.205497,0.327044,0.404328,0.359911,0.0940453,0.375403,0.271815,0.271815,0.194443,0.403221,0.328221,0.504384,0.273865,0.308754,0.496364,0.589055,0.236372,0.38729,0.204336,0.730285,0.325294,0,0.45964,0,0.477331,0,0.71757,0,0,0,0,0.999998,0,NaN,0,NaN,0,0,NaN,NaN
0,0.756684,0.325294,0,0.194443,0.353649,0.399934,0.136914,0.435343,0.31408,0.343673,0,0.276999,0.516882,0.578393,0.297399,0.197633,0.286841,0,0,0.119253,0.379285,0.256444,0.308754,0,0,0,0.546834,0,0,0,0.512652,0.211506,0.1869,0.0994991,0.380071,0.312731,0.237925,0.156517,0.0781348,0.1869,0.206672,0.0829955,0.080223,0,0.135372,0.238708,0.178143,0.272324,0.315167,0.0716103,0.406561,0,0.126138,0.135372,0.138492,0.189349,0.227462,0.0720399,0.255091,0.196559,0,0.210277,0.156517,0.236372,0.184044,0.173438,0.334235,0.338889,0.182648,0.118082,0.420476,0.276999,0.133865,0.312731,0.418093,0.301092,0,0.223253,0.358852,0,0.325294,0.648004,0.443162,0.777306,0,0,0.681369,0,0.756684,0,0,0,0,NaN,0,NaN,0,NaN,NaN,NaN
0,0.516882,0.527749,0,0.483519,0.635416,0.404328,0,0.435343,0.125479,0.241092,0,0.14518,0.534475,0.280204,0.43792,0.197633,0,0.38729,0.23408,0.236372,0,0.14518,0.179918,0.283484,0.427785,0.156517,0.200929,0.219197,0.688378,0,0,0.509868,0.486671,0.265841,0.179918,0.366394,0.16625,0.234839,0.152547,0.0878533,0.269294,0.408818,0.3578,0.277634,0.133865,0.191355,0.337324,0.311928,0.248533,0.194443,0.116933,0.138492,0.251115,0.255091,0.138492,0.189349,0.243522,0.39624,0.266329,0.194443,0.266329,0.146955,0.292026,0.167406,0.454018,0.172197,0.254643,0.254643,0.456813,0.115806,0.135372,0.140105,0.251115,0,0.156517,0,0.427785,0.246002,0.358852,0,0.308754,0,0,0.539048,0.71757,0.589055,0.756684,0.71757,0,0,0,0,0,NaN,0,NaN,0,NaN,NaN,NaN
0,0.477331,0,0.246002,0.211506,0.34859,0.432795,0.243522,0.4241,0.13239,0.512652,0.16511,0,0.148772,0,0.188362,0.539048,0,0.283484,0.340469,0.111506,0.283484,0,0,0.150636,0.16511,0.162874,0,0.188362,0,0,0.223253,0.213379,0.200929,0.273865,0.184044,0.0865864,0,0.0835733,0.154507,0.167406,0.0766386,0.15858,0.228901,0.184514,0.307191,0.0716103,0.298131,0.316811,0.189349,0.251115,0.11525,0.244756,0.257812,0.136914,0.248533,0.244756,0.510562,0.249817,0.0761525,0.443162,0.325294,0.0771309,0.362047,0.377723,0.331955,0.251115,0.0905018,0.0947875,0.181273,0.200929,0.248533,0.539048,0.343673,0.169768,0.148772,0.162874,0.489862,0.267803,0,0,0,0.784329,0,0,0.496364,0,0.798583,0.756684,0,0,0,NaN,0,NaN,NaN,0,0,NaN,NaN,NaN
0,0,0,0.251115,0.188362,0,0.191355,0,0.350261,0.253752,0.13239,0.156517,0.140105,0.418093,0.143448,0.45964,0.45964,0.371597,0.156517,0.128155,0.108485,0.160699,0.241092,0,0.2708,0,0.301092,0,0.516882,0.38729,0.160699,0.399934,0.358852,0.204336,0.101175,0,0.174696,0.244343,0.226042,0.159633,0.0818639,0.328813,0.084753,0.154507,0.128155,0.251115,0.0716103,0.23408,0.203188,0.135372,0.304111,0.118082,0.242301,0.351947,0.190347,0.0664569,0.377057,0.0786466,0.380409,0.391417,0.255091,0.212751,0.216572,0.148772,0.0905018,0,0.258271,0.170974,0.0947875,0.252867,0.115806,0.223253,0.154507,0.13239,0.280204,0.160699,0,0.338889,0,0.194443,0.325294,0.364208,0,0,0,0,0,0,0,0,0.798583,0,NaN,0,NaN,NaN,0,0,NaN,NaN,NaN
0,0,0.301092,0,0,0.58235,0.169768,0.251115,0.248533,0,0,0.16511,0.267803,0.16511,0.152547,0,0.312731,0.13239,0,0.227462,0.399934,0.262002,0.13239,0.316811,0.280204,0.172197,0.297399,0.188362,0.236372,0.406561,0.427785,0.328221,0.430778,0.106561,0.196025,0.173438,0.177269,0.375403,0,0.355712,0.46209,0.275423,0.154507,0.285153,0.334235,0.248533,0.301092,0.190347,0.316811,0.369722,0.19872,0.169768,0.13239,0.0699415,0.285489,0.0699415,0.130948,0.212751,0.185462,0.0813095,0.191355,0.227462,0.0771309,0.20786,0.377723,0.0986817,0.231832,0.260123,0.258271,0.336546,0,0.128155,0,0.253752,0.486671,0.259194,0.167406,0,0.241092,0.191355,0.293795,0.413406,0,0,0.617303,0.857758,0.589055,0,0,0,0,0,0,0,NaN,NaN,0,0,NaN,NaN,NaN
0,0,0.316811,0.236372,0.174696,0.569346,0.325294,0.138492,0,0.253752,0.246002,0.391417,0.141757,0.312731,0.280204,0.573192,0.167406,0.146955,0.156517,0.357101,0.325294,0.253752,0.435343,0.177269,0.143448,0.43792,0,0.179918,0.241092,0.393513,0.172197,0.343673,0.275946,0.509868,0.407912,0.0940453,0.44583,0,0.266329,0.345623,0.353649,0.146062,0.216572,0.162874,0.188362,0.135372,0.241092,0.366028,0,0.0756725,0.0675791,0.119253,0.38729,0.304111,0.0695363,0.304111,0.257812,0.311928,0.431532,0.275423,0.188362,0.168579,0.26059,0.14518,0.435343,0.265841,0.347596,0.392253,0.258271,0.260123,0.440002,0.311394,0.491472,0.276999,0.383247,0.276999,0.283484,0,0,0.364208,0,0,0,0.375403,0.617303,0,0,0.756684,0,0,0,0,0,0,NaN,NaN,0,0,NaN,NaN,NaN
0,0,0,0.236372,0.325294,0.185462,0,0.256444,0,0,0.126804,0.276999,0.273865,0,0.2708,0.16511,0.316811,0.477331,0.152547,0.472788,0.217222,0.140105,0,0.304875,0.283484,0.154507,0.290277,0.329705,0.627254,0,0.316811,0.238708,0.104703,0.111506,0.188362,0.0963077,0.468326,0.0940453,0.278592,0,0.276999,0.0751986,0.0791652,0.080223,0.070766,0.399934,0.247261,0.447175,0.125479,0.383247,0.286841,0.0613614,0.130948,0.182648,0.255091,0.0683487,0.318473,0.197633,0.284149,0.0781348,0.398079,0.231832,0.328813,0.199818,0.308754,0.338889,0.239498,0.338889,0.188362,0.0963077,0.20786,0.301092,0.156517,0.152547,0,0.375403,0,0.211506,0,0.20786,0.45964,0,0.353649,0,0,0,0.563041,0,0,0,0,0,0,0,0,NaN,0,NaN,0,NaN,NaN
0,0,0.334235,0,0.338889,0.172197,0,0.138492,0.262002,0.125479,0.138492,0.290277,0.45964,0,0.548416,0.316811,0.162874,0.167406,0.259194,0.293795,0.45964,0,0.253752,0.418093,0,0.276999,0,0,0,0,0.154507,0.353649,0.108485,0.291441,0.351101,0.182648,0.265841,0.0963077,0.150636,0.339836,0.209061,0.336081,0.0742682,0,0.150636,0.187386,0.200929,0.253752,0.288206,0.427785,0.372137,0.177269,0.124183,0.128155,0.360621,0.465396,0.202052,0.127476,0.0623169,0.230357,0.263428,0.0738116,0.349591,0.205497,0.244343,0.0911889,0.0933146,0.0963077,0.178584,0.269794,0.496364,0.130948,0.140105,0.2708,0.399934,0.162874,0.141757,0.353649,0,0.375403,0.607625,0,0.865292,0,0,0,0.563041,0.798583,0.931281,0,0.71757,0,0,0,0,NaN,0,NaN,1,NaN,NaN
0,0,0,0.52408,0.329705,0.167406,0.312731,0,0.251115,0.331201,0.2708,0.316811,0.360621,0.133865,0.395631,0.160699,0.194443,0.468326,0.14518,0.399934,0.120449,0.141757,0.472788,0.297399,0.16511,0.286841,0.152547,0,0,0.200929,0.150636,0.133865,0.200929,0.372541,0.278059,0.356231,0.262002,0.397341,0.288548,0.276999,0.328813,0.212751,0.263428,0.286841,0.148772,0.196559,0.136914,0.196559,0.178143,0.220532,0.0657291,0.231832,0.174696,0.136139,0.302594,0.191355,0.0742682,0.121056,0.220197,0.155505,0,0.302594,0.246002,0.142598,0.0878533,0.160699,0.252867,0.10033,0.323132,0.468326,0.202618,0.223253,0.360621,0,0.399934,0.395631,0.130948,0.204336,0,0.381256,0.293795,0.293795,0,0.334235,0,0,0,0,0,0,0.71757,0.931281,0,0,0,0,0,NaN,NaN,NaN,NaN
0,0,0.527749,0,0.185462,0,0,0,0.223253,0.13239,0,0,0.391417,0,0.156517,0.293795,0,0.138492,0.286841,0.152547,0.120449,0.141757,0.506428,0.297399,0.413406,0.16511,0.280204,0.169768,0.406561,0.483519,0.283484,0.130948,0,0.436886,0.188362,0.209668,0.175973,0.189847,0.415736,0.140926,0.323562,0.347596,0.26059,0.146955,0.146955,0.298131,0.403695,0.0695363,0.189349,0.44516,0.190347,0.180819,0.122913,0.136139,0.185462,0.351947,0.264871,0.23295,0.226395,0.273865,0,0.307191,0.233326,0.336081,0.157542,0.157542,0.101175,0.184044,0.318891,0.0963077,0.211506,0.303604,0.238708,0.506428,0.140105,0.156517,0.2708,0.325294,0.531466,0,0.627254,0,0,0,0.699107,0,0.887844,0.982361,0,0,0,0,0,NaN,0,0,0,NaN,NaN,NaN,NaN
0,0,0,0,0.280204,0,0.448528,0.128155,0.221207,0.238708,0.141757,0.16511,0.148772,0.375403,0.496364,0.160699,0.304875,0,0,0.455411,0.120449,0,0.162874,0.371597,0.160699,0,0.156517,0.174696,0.393513,0.219197,0.256444,0.246002,0.369722,0.221207,0.246002,0,0.0918866,0.443162,0.285153,0.072915,0.327044,0.223253,0.285153,0.197633,0.149699,0.191355,0.0807626,0.130239,0.241092,0,0.204336,0.496364,0.177269,0.189349,0.243522,0.129537,0.267803,0.335773,0.27511,0.209061,0.299604,0.357101,0.237925,0.389343,0.366394,0.286841,0.343673,0.1869,0.16511,0.184044,0.29862,0,0.115806,0,0.367866,0.286841,0.150636,0.533343,0,0.580146,0,0,0.664342,0.353649,0,0,0,0,0,0,0,0,0,0,0,0,1,NaN,NaN,NaN,NaN
0.992293,0.589055,0,0,0,0.167406,0.15858,0.243522,0.38729,0.23408,0.455411,0,0.391417,0.58368,0.391417,0.148772,0,0.141757,0.162874,0.273865,0.223253,0,0.150636,0.251115,0.286841,0.286841,0.154507,0.301092,0.256444,0.20786,0.273865,0.125479,0.215283,0.110481,0.0918866,0.106561,0.394781,0.291441,0.383247,0.149699,0.266329,0.318891,0.210277,0.139294,0.148772,0.23408,0.0796905,0.186419,0.135372,0.0668268,0.204336,0.133123,0.276366,0.128843,0.239894,0.443162,0.362405,0.20786,0.217222,0.134614,0.308754,0.346936,0.312731,0.343673,0.359911,0.219197,0.346114,0.260123,0.297399,0.269794,0,0.406561,0.115806,0,0.598212,0.432795,0.2708,0.172197,0.399934,0.256444,0,0,0.427785,0.364208,0.427785,0.865292,0.648004,0,0,0,0,0,0,0,0,0,NaN,NaN,NaN,NaN,NaN
0,0,0,0,0.156517,0,0.506428,0.130948,0.113615,0.238708,0.256444,0.477331,0.160699,0.395631,0.15858,0.286841,0.160699,0.283484,0.293795,0.2708,0,0.256444,0.143448,0.128155,0.286841,0.286841,0.516882,0.16511,0.241092,0.211506,0.286841,0.488581,0.215283,0.209668,0.422885,0.308754,0.346114,0.204336,0.325294,0.0742682,0.216572,0.440526,0.2708,0.364208,0.269294,0.23408,0.52166,0.0695363,0.187386,0.301092,0.146062,0.0691359,0.0583772,0.182648,0.23522,0.371597,0.146062,0.263428,0.271408,0.295226,0.138492,0.219197,0.359911,0.280204,0.230357,0.226042,0.263908,0.0970863,0.167406,0.265841,0.105624,0.409956,0.463077,0.448528,0,0.43792,0.14518,0,0,0,0.71757,0,0,0,0,0,0,0.71757,0,0,0.842732,0,0,0,0,0,NaN,NaN,NaN,NaN,NaN
0,0,0.477331,0.215283,0.160699,0.511605,0.174696,0.325294,0.546834,0.121668,0,0,0.156517,0,0.304875,0.146955,0,0.143448,0.167406,0.276999,0.138492,0,0.371597,0.256444,0,0.146955,0.353649,0.156517,0,0.219197,0,0.375403,0.440002,0.206083,0.174696,0.419043,0.192887,0.200929,0.146955,0.355366,0.351608,0.233326,0.283484,0.072915,0.196559,0.179026,0.327044,0.0699415,0.239894,0.0679617,0.14518,0.184514,0.270195,0.325294,0.191355,0.316811,0.205497,0.14518,0.416911,0.408251,0.263428,0.0818639,0.283484,0.0781348,0.084159,0.15858,0.258271,0.172197,0.168579,0.177269,0.102909,0.215283,0.231832,0.172197,0.13239,0,0.264871,0,0.20786,0.293795,0.580146,0.316811,0.784329,0.375403,0,0.865292,0,0,0,0,0.931281,0,0,0,0,1,0,NaN,NaN,NaN,NaN
0,0,0.308754,0.219197,0.15858,0.283484,0.325294,0.256444,0.325294,0.120449,0.267803,0.267803,0.304875,0.391417,0.169768,0.133865,0.160699,0.141757,0.162874,0.553212,0.14518,0.488581,0.136914,0,0.150636,0.143448,0.197633,0.38729,0.413406,0.364208,0.154507,0.141757,0.378308,0.199267,0.448528,0.471291,0.351101,0.192887,0.149699,0.0668268,0.161779,0.293795,0.293795,0.13239,0.266329,0.126804,0.206672,0.308754,0.307191,0.185462,0.148772,0.124828,0.272631,0.223253,0.070766,0.311928,0.137698,0.267803,0.301092,0.278913,0.257812,0.160699,0.332408,0.381256,0.163984,0.0813095,0.254643,0.299234,0,0.380071,0.188362,0.223253,0.403221,0.304875,0.360621,0.427785,0,0.185462,0.191355,0.293795,0.273865,0.798583,0.813093,0,0.45964,0.681369,0,0,0,0,0.968324,0,0,0,0,NaN,0,NaN,NaN,NaN,NaN
0,0.539048,0,0,0.160699,0.273865,0.353649,0.364208,0,0.322417,0.146955,0.468326,0,0.286841,0.16511,0.259194,0.179918,0.138492,0.408818,0.156517,0.38729,0.225338,0,0.375403,0.301092,0.14518,0.197633,0,0.227462,0,0.150636,0.360621,0.209668,0.358852,0.402559,0.182648,0.197633,0.338889,0.157542,0.340469,0.221885,0.0776296,0.228901,0.128155,0.204336,0.323849,0.141757,0.0695363,0.305643,0.125479,0.212751,0.119253,0.329705,0.335773,0.296671,0.133865,0.14518,0.304111,0.313539,0.0586625,0.310333,0.404328,0.389343,0.223253,0,0.084753,0,0.156517,0.241092,0.325294,0.0970863,0.231832,0.31959,0,0.443162,0.404328,0.371597,0.477331,0.343673,0,0.516882,0.286841,0.681369,0,0.443162,0,0,0.681369,0,0,0,0,0,0,0,NaN,0,NaN,NaN,NaN,NaN
0,0,0,0,0.293795,0,0.191355,0.367866,0.31408,0.343673,0.150636,0.543694,0.179918,0.293795,0.162874,0.273865,0.422885,0.360621,0.162874,0.481958,0.290277,0.331201,0.251115,0,0.156517,0.160699,0.169768,0.15858,0.223253,0.20786,0.154507,0.243522,0.463077,0.338889,0,0.258271,0.102909,0.269794,0.084753,0.128843,0.283484,0.14518,0.0824259,0.183576,0.320152,0.122913,0.20786,0.350261,0.196559,0.125479,0.215283,0.124183,0.243522,0.277634,0.292378,0.343673,0.140926,0.308754,0.447175,0.312731,0.311928,0.283484,0.152547,0.368607,0.223253,0.163984,0.299234,0.157542,0.440526,0.0970863,0.0911889,0.416911,0.31408,0.43792,0.256444,0.297399,0.259194,0.496364,0,0.589055,0.516882,0.301092,0.443162,0.617303,0,0,0,0,0,0,0,0,0,0.999756,0,NaN,1,NaN,0,NaN,NaN
0,0,0,0.227462,0.169768,0.367866,0.325294,0.290277,0.229627,0.23408,0.2708,0.273865,0,0.522263,0.15858,0,0.167406,0,0.399934,0,0.162874,0.227462,0.256444,0.273865,0.160699,0,0.162874,0.38729,0,0.364208,0.148772,0,0.340469,0.0970863,0.273865,0.0898248,0.366945,0.356231,0.0898248,0.350261,0.272324,0.0738116,0.0807626,0.318195,0.273865,0.121668,0.139294,0.288206,0.301092,0.225338,0.321847,0.299604,0.346936,0.186419,0.231832,0.191355,0.131665,0.0742682,0.311928,0.216248,0.26059,0.406561,0.438662,0.241092,0.272324,0.157542,0.302972,0.299234,0.336546,0.258271,0.504967,0.259194,0,0.162874,0.264871,0.413406,0.364208,0.191355,0.325294,0,0,0.267803,0,0,0.38729,0,0,0,0,0,0,0,0,0.999756,0,NaN,NaN,NaN,0,-Inf,NaN
0,0,0.280204,0,0.182648,0.379285,0.522263,0,0.236372,0.13239,0.251115,0.156517,0.320997,0.174696,0.408818,0.2708,0.432795,0.395631,0,0,0.304875,0.621534,0.264871,0.146955,0.16511,0.16511,0.399934,0.293795,0.211506,0.204336,0.2708,0.399934,0.334235,0.0994991,0,0.320997,0.36151,0.275946,0.244343,0.20786,0.327044,0.276999,0.278592,0.273865,0.369722,0.178143,0.187386,0.301092,0.0668268,0.36734,0.0711856,0.125479,0,0.185462,0.23408,0.193403,0.39624,0.311928,0.267803,0.262002,0.320152,0.0781348,0.336081,0.299234,0.160699,0.443162,0.457215,0.0898248,0.267803,0.179918,0,0.357101,0.209668,0.501348,0.563041,0.312731,0,0.483519,0,0.246002,0.280204,0.550804,0,0,0.413406,0.477331,0,0,0.798583,0,0,0,0,0,0,NaN,NaN,NaN,NaN,NaN,NaN
0,0,0,0,0,0.152547,0.308754,0,0,0.251115,0.328221,0.522263,0.160699,0.283484,0.160699,0.297399,0.15858,0.418093,0.148772,0.138492,0,0.262002,0.2708,0,0.156517,0.308754,0.427785,0.174696,0,0.38729,0.447175,0,0.346936,0.199267,0.0933146,0.0905018,0.20786,0.0925952,0.252867,0.449207,0.288548,0.345623,0.266329,0.242301,0.143448,0.129537,0.176403,0.244756,0.130239,0.179918,0.302594,0.125479,0.275423,0.276366,0.296671,0.193403,0.134614,0.252427,0.0747304,0.25975,0.280204,0.327044,0.470547,0.314759,0.227462,0.359911,0.353649,0.331955,0.0940453,0.325294,0.196025,0.340469,0.420476,0.276999,0.395631,0.15858,0,0.364208,0.343673,0,0.267803,0,0.756684,0,0,0,0,0,0,0,0,0,0.968324,0,0,0,NaN,NaN,NaN,NaN,NaN
0,0,0.273865,0.200929,0,0.38729,0.325294,0.45964,0.13239,0.125479,0.120449,0.533343,0,0.150636,0.286841,0.404328,0.38729,0.427785,0.264871,0.360621,0,0.276999,0.136914,0.360621,0.293795,0.304875,0.316811,0.343673,0.358852,0.215283,0.133865,0.120449,0.129537,0.443162,0.0986817,0.304875,0.191355,0.384854,0.331955,0.199818,0.0766386,0.295587,0.362405,0.296671,0.259194,0.304111,0.0604346,0.248533,0.0668268,0.236372,0.357101,0.22854,0.214009,0.268994,0.19872,0.237535,0.405601,0.135372,0.0751986,0.16511,0.151585,0.140105,0.272324,0.0859665,0.368607,0.318891,0.0786466,0.343673,0.43792,0.192887,0.0933146,0.350261,0.231832,0.13239,0.16511,0.427785,0.286841,0.167406,0,0.496364,0,0.334235,0.375403,0,0,0.648004,0,0,0,0,0,0.999756,0,0.992293,0,0,NaN,NaN,NaN,NaN,NaN
0,0,0,0.188362,0.191355,0.283484,0.280204,0.304875,0.267803,0,0.219197,0.334235,0,0.391417,0.283484,0.156517,0,0.413406,0.150636,0.357101,0.375403,0.573192,0.148772,0.360621,0.304875,0,0.325294,0,0.182648,0,0.455411,0,0.236372,0.443162,0.0986817,0.338889,0.242707,0.384854,0.185462,0.203188,0.157542,0.223253,0.267803,0.236372,0.256444,0.200929,0.262002,0.241092,0.256444,0.126804,0.137698,0.323849,0.0720399,0.17057,0.0679617,0.328221,0.299604,0.141757,0.14518,0.328221,0.216572,0.141757,0.0751986,0.153521,0.0918866,0.231832,0.220532,0.0986817,0.0970863,0.275946,0.341264,0,0.130948,0.38425,0.43792,0.418093,0,0.418093,0.167406,0.486671,0.293795,0,0.550804,0,0.427785,0,0.756684,0.648004,0,0.931281,0,0,0,0,0,0,0,NaN,NaN,NaN,NaN
0,0.516882,0,0.200929,0.188362,0.14518,0,0.297399,0.150636,0,0.31408,0.448528,0.511605,0.2708,0.408818,0.156517,0.286841,0,0.267803,0.259194,0.534475,0,0,0.146955,0.297399,0.160699,0.162874,0,0,0,0.367866,0.303604,0.331201,0,0.101175,0.265841,0.175973,0.338889,0.102909,0.133123,0.227462,0.220532,0.203188,0.340469,0.315167,0.0761525,0.258638,0.253752,0.466125,0.295226,0.189349,0.0646669,0.249817,0.27511,0.182648,0.399934,0.200929,0.379285,0.2708,0.23295,0.371597,0.137698,0.204336,0.286841,0.169768,0.452436,0.0824259,0.0986817,0.256444,0.102035,0.474293,0.322417,0.136914,0.463077,0.169768,0.301092,0.304875,0.38729,0.427785,0.273865,0,0.325294,0.539048,0,0,0,0,0.931281,0,0.931281,0.992293,0,0,0,0,0,0,NaN,NaN,NaN,NaN
1,0,0,0.200929,0.320997,0.486671,0.427785,0.152547,0.150636,0.121668,0,0.160699,0.154507,0,0,0.286841,0.280204,0.325294,0.280204,0.246002,0.267803,0.290277,0,0.146955,0.150636,0.408818,0,0.219197,0.169768,0.451257,0,0,0.31408,0.1147,0.0978775,0.535774,0.334235,0.262002,0.358852,0.249817,0.221885,0.336081,0.203188,0.373763,0.137698,0.0776296,0.218205,0.192374,0.210277,0.184514,0.0679617,0.0657291,0.190347,0.124828,0.0657291,0.174696,0.252427,0.44516,0.14518,0.0639776,0.196559,0.140105,0.305643,0.149699,0.0891579,0.16625,0.292026,0.572548,0.0878533,0.343673,0.407912,0,0.133865,0.31959,0.304875,0.167406,0.43792,0.15858,0.329705,0.443162,0.316811,0.325294,0.809442,0,0.699107,0.316811,0.71757,0,0.756684,0,0,0,0,0,0,0,0,NaN,NaN,NaN,NaN
NaN,0,0,0.406561,0,0.156517,0.16511,0.160699,0.280204,0.227462,0.350261,0.150636,0,0.301092,0,0.308754,0.256444,0.563041,0.38729,0,0.143448,0.174696,0.130948,0.391417,0.379285,0.177269,0.169768,0.76485,0.432795,0,0,0.120449,0.231832,0.364208,0.341264,0.509868,0.252867,0.177269,0.110481,0.131665,0.221885,0.153521,0.200929,0.199818,0,0.332408,0.266623,0.127476,0.152547,0.293795,0.350261,0.477331,0.066091,0.127476,0.192374,0.236372,0.416911,0.139294,0.259194,0.23295,0.136139,0.138492,0.26059,0.0699415,0.172197,0.464565,0.323132,0.185462,0.302972,0.191355,0.260123,0.488581,0.435343,0.231832,0.308754,0.58368,0.179918,0,0.343673,0.241092,0.334235,0.38729,0.325294,0.756684,0,0.343673,0,0,0.798583,0,0,0,0,0,0,0,0,NaN,NaN,NaN,NaN
0,0,0.45964,0.227462,0.320997,0,0.58368,0.172197,0.130948,0.236372,0.353649,0.156517,0.152547,0.290277,0.301092,0.334235,0.357101,0.200929,0.573192,0.276999,0.138492,0.162874,0.45964,0.379285,0,0.191355,0.687202,0,0.293795,0,0.371597,0.311394,0.125479,0.493093,0.177269,0,0.174696,0.168579,0.213379,0.0720399,0.330601,0.224639,0.328813,0.0675791,0.139294,0.332408,0.165868,0.296671,0.272324,0.0646669,0,0.0733605,0.186419,0,0.304111,0.126804,0.182648,0.246002,0.259194,0.177269,0.0720399,0.327044,0.267803,0.390822,0.234839,0.297399,0.191355,0.251115,0.167406,0.102909,0.185462,0.306158,0.340469,0.516882,0.43792,0.283484,0,0.286841,0.34859,0.546834,0.316811,0,0.353649,0,0.477331,0,0,0,0.798583,0,0.931281,0,0,0,0,0,0,NaN,NaN,NaN,NaN
0,0.617303,0.353649,0.539048,0,0.290277,0.185462,0.383247,0.2708,0.120449,0.130948,0.16511,0,0.141757,0.533343,0,0.360621,0.45964,0.443162,0.259194,0.148772,0.154507,0.140105,0.286841,0.14518,0.185462,0.191355,0,0,0.443162,0.375403,0.219197,0.334235,0.38729,0.0986817,0.111506,0.244343,0.380071,0.102035,0.140105,0.137698,0.231832,0.143448,0.193403,0.140105,0.136914,0.1147,0.282822,0.206672,0.237535,0.289583,0,0.177269,0.182648,0.244756,0.184514,0.292378,0.304111,0.330601,0.270195,0.0716103,0.231832,0.26059,0.134614,0.310731,0.239498,0.185462,0.443162,0.425322,0,0.358852,0.369722,0.496364,0.316811,0.432795,0,0.506428,0.301092,0,0.20786,0,0,0,0.681369,0.699107,0.427785,0,0,0,0,0,0,0,0,0,0,0,NaN,NaN,NaN,NaN
0,0.681369,0,0,0.188362,0.739568,0,0,0.2708,0.119253,0.331201,0.2708,0.395631,0.143448,0.334235,0,0.148772,0.16511,0.522263,0.138492,0,0,0.14518,0.391417,0.146955,0.177269,0.34859,0,0.454018,0,0,0,0.125479,0.456252,0,0.38729,0.338889,0.249387,0.416205,0.276999,0.0687401,0.084159,0.192374,0.131665,0.0733605,0.181729,0.271408,0.23522,0.375403,0,0.121668,0.194443,0.340469,0.362662,0.131665,0.0664569,0.182648,0.14518,0.206672,0.119848,0.308754,0.491472,0.19872,0.334235,0.160699,0.316811,0.346114,0.247684,0.310731,0.273865,0.189847,0.436886,0.516882,0.31959,0.316811,0.304875,0,0,0.38729,0.45964,0,0.617303,0,0,0.45964,0.443162,0,0,0,0.968324,0,0,0,0,0,0,0,NaN,NaN,NaN,NaN
0.992293,0.798583,0.575782,0.489862,0,0,0,0.152547,0.251115,0.23408,0.125479,0.367866,0.617303,0,0.343673,0.185462,0.276999,0,0,0.135372,0.548416,0.290277,0.152547,0.383247,0.273865,0.62324,0.197633,0.215283,0.191355,0.364208,0.455411,0.308754,0.122913,0.52408,0.282382,0.296189,0.265841,0.258271,0.0955416,0.216572,0.308754,0.224639,0.256444,0.0720399,0.251115,0.124828,0.23295,0.133123,0.321847,0.246002,0.312731,0.256444,0.0623169,0.185462,0.124183,0.066091,0.23522,0.146955,0.0747304,0.0626421,0.143448,0.226042,0.199818,0.242301,0,0.185462,0.399934,0.0878533,0.0905018,0.104703,0.105624,0.20786,0.290277,0.128155,0.162874,0.204336,0.293795,0.427785,0.427785,0.182648,0,0,0.343673,0.413406,0,0,0.477331,0.910009,0,0,0,0,0,0,0,0,0,NaN,NaN,NaN,NaN
0.992293,0,0.353649,0,0.364208,0.602886,0,0.280204,0,0.248533,0.225338,0.264871,0.448528,0,0.443162,0.45964,0.276999,0.293795,0.290277,0.539048,0.150636,0.395631,0.38729,0.58368,0.146955,0.465396,0.381256,0.191355,0.200929,0,0.146955,0,0.416911,0.217222,0.358852,0.378308,0.10033,0.331955,0.247684,0.0796905,0.205497,0.432072,0.0720399,0.259194,0.301092,0.188362,0.373763,0.197633,0.262002,0.135372,0.1147,0.202052,0.329705,0.244756,0.316811,0.133123,0.0616767,0.210277,0.318473,0.177269,0.264871,0.226042,0.199818,0.189349,0.0751986,0.451257,0.280204,0.230357,0.244343,0.199267,0.200929,0.286841,0.293795,0.4241,0.172197,0.38729,0.312731,0.320997,0.231832,0,0.550804,0.427785,0.301092,0.38729,0.516882,0,0,0,0,0.931281,0,0,0,0,NaN,0,0,NaN,NaN,NaN,NaN
0,0,0,0.200929,0.34859,0.231832,0.413406,0.468326,0.236372,0.256444,0.129537,0,0,0.152547,0.167406,0.329705,0.162874,0.140105,0.286841,0,0,0.290277,0.432795,0.160699,0.146955,0.338889,0.219197,0.353649,0,0.197633,0.472788,0.113615,0.227462,0.227462,0.102035,0,0.289123,0.0955416,0.16511,0.38729,0.272324,0.151585,0.139294,0.217877,0.133865,0.138492,0.227462,0.136914,0.209061,0.299604,0.356604,0.19872,0.36734,0.257812,0.356604,0.186419,0.216248,0.479634,0.323562,0.285489,0.244756,0.347596,0.465396,0.0687401,0.255091,0.0978775,0.191355,0.404328,0.172197,0.102909,0.20786,0.196025,0.264871,0.367866,0.297399,0,0.334235,0.304875,0.427785,0.200929,0,0,0.308754,0.364208,0,0,0.477331,0,0,0,0,0.931281,0,0,NaN,0,0,NaN,NaN,NaN,NaN
0,0,0.427785,0.200929,0.169768,0.231832,0,0.143448,0.443162,0,0.122913,0.360621,0.329705,0.280204,0.527749,0,0.162874,0.2708,0.15858,0.383247,0,0.162874,0.418093,0.304875,0.455411,0.177269,0,0.589055,0.227462,0,0.148772,0.115806,0.473689,0.124183,0.280204,0.213379,0.204336,0.0933146,0.234839,0.221885,0,0.395631,0.209061,0.415402,0.070766,0.342064,0.469311,0.308754,0.210277,0.257812,0.276366,0.127476,0.178143,0.136914,0.119253,0.23295,0.264292,0.151585,0.221885,0.39624,0.122913,0.420476,0.0703514,0.0703514,0.253752,0.252867,0.10033,0.16511,0.242707,0.416205,0.217222,0.192887,0.364208,0,0,0,0.197633,0,0.223253,0.539048,0.598212,0.664342,0,0.334235,0,0,0.443162,0,0,0.982361,0,0,0,0,NaN,0,0,NaN,NaN,NaN,NaN
0,0,0,0.52408,0.16511,0.211506,0,0.297399,0.135372,0.31959,0.116933,0.143448,0.329705,0.16511,0.15858,0.177269,0.304875,0.558087,0,0,0.128155,0,0.413406,0,0.267803,0.172197,0,0,0,0,0.280204,0.120449,0,0.221207,0,0,0.204336,0.0978775,0.223253,0.397771,0.259194,0.281835,0.141757,0.227462,0.362405,0.296671,0.133865,0.343673,0.146062,0.20786,0.273865,0.0679617,0.223253,0.318473,0.311394,0.180819,0.322417,0.263428,0.148772,0.321847,0.268994,0.308754,0.0675791,0.139294,0.313539,0.246002,0.280204,0.234839,0,0.38425,0.118082,0.258271,0.280204,0.357101,0.297399,0.640087,0.334235,0.204336,0.204336,0.503031,0,0.364208,0,0.325294,0,0,0.477331,0,0,0,0,0,0,0,0,0,0,NaN,NaN,NaN,NaN
0,0.648004,0,0,0.160699,0,0.483519,0.622244,0,0.229627,0.119253,0.340469,0,0.169768,0.486671,0.179918,0.304875,0,0,0.14518,0,0.251115,0.293795,0.16511,0.152547,0.418093,0.185462,0.358852,0,0.160699,0.371597,0.122913,0.496364,0.31408,0.191355,0,0.112551,0.251115,0.226042,0.234839,0.263428,0.278592,0.138492,0.397771,0.305643,0.135372,0.144309,0.241092,0.19872,0.070766,0.178143,0.195496,0.390377,0.415402,0.181729,0.362662,0.231832,0.133123,0.220532,0.148772,0.0592415,0.351608,0.135372,0.447175,0.267803,0.0818639,0.211506,0.244343,0.362047,0,0.116933,0.327484,0.152547,0.259194,0.286841,0.219197,0.188362,0.191355,0.215283,0.406561,0,0.563041,0,0.550804,0.699107,0.589055,0,0,0,0,0,0,0,0,0,0,0,0,NaN,NaN,NaN
0,0,0,0.219197,0.16511,0,0,0,0.264871,0.129537,0.303604,0.241092,0.320997,0.556861,0.16511,0.334235,0.16511,0.172197,0.141757,0.152547,0.238708,0.146955,0.38729,0.185462,0.154507,0.408818,0.477331,0.179918,0.256444,0.290277,0,0.308754,0.138492,0.311394,0.192887,0.513353,0.202618,0.392253,0.220532,0.172197,0.304111,0.278592,0.441183,0.0807626,0.0695363,0.193403,0.481958,0.183576,0.263428,0.304111,0.119848,0.192374,0.123545,0.140105,0.482893,0.126804,0.172197,0.469311,0.151585,0.209061,0.116933,0.215283,0.360621,0.195496,0.219197,0.391417,0.200929,0.251115,0.316811,0.293795,0.118082,0.10033,0,0,0.162874,0,0.343673,0,0.664342,0.219197,0,0,0.602886,0,0,0,0,0,0,0.931281,0,0,0,0,0,0,0,0,NaN,NaN,NaN
0,0,0,0.223253,0,0.179918,0.20786,0,0.146955,0.251115,0.112551,0.130948,0.162874,0.325294,0.334235,0.174696,0.162874,0.297399,0.2708,0.156517,0.128155,0.38729,0.312731,0.550804,0.154507,0.325294,0,0,0.241092,0.399934,0.472788,0.113615,0.477331,0.204336,0.296189,0.194443,0.112551,0.262002,0.280204,0.0859665,0.136139,0.224639,0.272324,0,0.305643,0.186419,0.236372,0.124183,0.310333,0.192374,0.383819,0.290974,0.292378,0.196559,0.179918,0.241092,0.334235,0.312731,0.364208,0.330601,0.308754,0.200929,0.325294,0.26059,0.210277,0.203188,0.378308,0.260123,0,0.430778,0.126804,0.410641,0.236372,0.367866,0.15858,0.358852,0.563041,0,0,0.516882,0.246002,0,0.343673,0,0,0,0.38729,0.681369,0,0,0,0,0,0,0,0,0.968324,NaN,NaN,NaN,NaN
0,0,0.399934,0,0.301092,0.329705,0,0,0.15858,0.143448,0.293795,0.135372,0.399934,0.182648,0.182648,0.325294,0.185462,0,0.162874,0.371597,0.364208,0.141757,0.179918,0.533343,0,0.301092,0,0.283484,0.241092,0,0.150636,0.194443,0,0.38729,0.102909,0.10033,0.227462,0,0.227462,0.242707,0.253752,0.157542,0.280204,0.0761525,0.127476,0.307191,0.223253,0.281507,0.257812,0.340469,0.366028,0.22854,0.255091,0.301092,0.190347,0.231832,0.0683487,0.226395,0.367866,0.327044,0.171379,0.144309,0.273865,0.256444,0.212751,0.149699,0.353649,0.454018,0.16625,0.211506,0.236372,0.369722,0.215283,0.371597,0.334235,0.177269,0,0.489862,0.267803,0.246002,0,0.364208,0,0.589055,0.399934,0,0.399934,0.648004,0.842732,0,0,0,0,0,0.999756,0,0,NaN,NaN,NaN,NaN
0,0,0.427785,0.62474,0.172197,0,0,0.156517,0,0.130948,0.217222,0.346936,0.152547,0,0.483519,0,0.325294,0.143448,0.16511,0.14518,0.463944,0.138492,0,0.16511,0.15858,0.290277,0.393513,0.154507,0,0.297399,0.152547,0,0.15858,0.209668,0.197633,0,0.416911,0.263908,0.0818639,0.244343,0.313539,0.157542,0,0.146955,0.320152,0.126138,0.148772,0.127476,0.255091,0.193403,0.203188,0.119253,0.252427,0.189349,0.247261,0.418687,0.304111,0.227462,0.307191,0.139294,0.173022,0.371597,0.0781348,0.133865,0.216572,0.286841,0.286841,0.184044,0.375403,0.1147,0,0.211506,0.197633,0.367866,0.334235,0.172197,0.556861,0.617303,0,0,0.219197,0,0.575782,0,0.617303,0.539048,0.45964,0,0,0.842732,0,0,0,0,0,0,0,NaN,NaN,NaN,NaN
0,0,0,0,0.182648,0,0,0.308754,0.496364,0.350261,0.1147,0.129537,0.283484,0.304875,0.353649,0,0,0.558087,0,0,0.38729,0.150636,0.152547,0.152547,0,0.152547,0,0.297399,0,0.16511,0.146955,0.200929,0.143448,0.106561,0.45964,0,0.126804,0.263908,0.080223,0,0.202052,0.362047,0.285153,0.339836,0.20786,0.183576,0.146062,0.243522,0.340469,0.140105,0.195496,0.0601318,0.209061,0.416911,0.353649,0.243522,0.194443,0.282822,0.286841,0.262002,0.358099,0.479634,0.447754,0.191355,0.383247,0.230357,0.188362,0.196025,0.172197,0.640959,0.378308,0.221207,0.366945,0.133865,0.448528,0.182648,0.353649,0.358852,0.420476,0.293795,0.219197,0,0,0,0.353649,0.589055,0.902692,0,0,0,0,0,0,0.999756,0,0,0,NaN,NaN,NaN,NaN
0,0.681369,0.343673,0,0.471291,0.162874,0.174696,0.167406,0.156517,0,0.231832,0.439219,0.262002,0.334235,0.320997,0.489862,0,0.162874,0.304875,0.129537,0.273865,0.290277,0.143448,0.286841,0.527749,0.148772,0.516882,0,0.38729,0.325294,0.140105,0.121668,0.396698,0.109474,0.221207,0.0963077,0.316811,0.338889,0,0.219197,0.214009,0.219197,0.160699,0.266329,0.0761525,0.296671,0.209061,0.0668268,0.285489,0.310333,0.290974,0.17057,0.262002,0,0.308754,0.286841,0.299604,0.179918,0.122913,0.321847,0.0604346,0.147858,0.220532,0.128155,0.0742682,0.0813095,0.256444,0.204336,0.490781,0.291441,0.215283,0.306158,0.20786,0.138492,0,0.179918,0,0.503031,0.219197,0.273865,0,0.353649,0,0.756684,0.602886,0.648004,0,0,0,0,0,0,0,0,0,0,0,NaN,0,NaN,NaN
0,0,0.71757,0.215283,0,0,0.358852,0.154507,0.160699,0,0,0.130948,0.150636,0,0.177269,0.194443,0.477331,0,0.167406,0.231832,0.141757,0,0.267803,0,0.150636,0.280204,0.215283,0.156517,0.215283,0,0,0.118082,0.378308,0.289123,0.111506,0.36151,0.45964,0,0.292026,0.347596,0.153521,0.0796905,0.216572,0.14518,0.152547,0.249817,0.371597,0.130948,0.0639776,0.072915,0.127476,0.225338,0.298131,0.288206,0.0738116,0.224291,0.369722,0.126804,0.216248,0.316811,0.182648,0.204336,0.275423,0.188362,0.146062,0.211506,0.380071,0.372541,0.188362,0.282382,0.225338,0.219197,0,0.248533,0,0,0.197633,0,0,0.267803,0.702741,0,0,0,0,0,0,0,0.681369,0,0,0,0.968324,0,0,0,0,NaN,0,NaN,NaN
0,0,0.617303,0.509868,0,0,0,0,0.156517,0.353649,0.23408,0.241092,0.280204,0.174696,0.179918,0.177269,0.188362,0,0.408818,0.337324,0.379285,0.177269,0.253752,0.383247,0,0.14518,0.358852,0.297399,0,0.194443,0.568075,0.303604,0.559494,0,0.107514,0.104703,0.215283,0.351101,0.0813095,0,0.152547,0.0824259,0.217877,0.154507,0.147858,0.310333,0,0.443162,0.123545,0.202052,0.129537,0.358099,0.292378,0.252427,0.353649,0.323849,0.330601,0.399934,0.346466,0.070766,0.295226,0.263428,0.334235,0.0733605,0.141757,0.264871,0.490781,0.378308,0.192887,0.353649,0.121668,0.221207,0.213379,0.413406,0,0.308754,0.563041,0.343673,0.546834,0.262002,0.516882,0,0.334235,0.334235,0.413406,0,0.563041,0.617303,0,0.798583,0,0.71757,0.992293,0.999756,0,0,0,NaN,0,NaN,NaN
0,0,0.38729,0,0.185462,0.447175,0,0.156517,0.276999,0.14518,0.241092,0.447175,0.264871,0.320997,0.443162,0.320997,0.179918,0.465396,0.297399,0.435343,0.150636,0,0.267803,0.273865,0,0,0,0.308754,0.364208,0,0.276999,0.531466,0.289123,0,0.284594,0.196025,0.213379,0.10033,0.16511,0.0766386,0.0829955,0.351608,0.150636,0.362047,0.266329,0.243522,0.136914,0.244756,0.23408,0.206672,0.241092,0.221207,0.238708,0.136139,0.345297,0.431532,0.272324,0.17057,0.175545,0.313539,0.133123,0.133865,0.149699,0.20786,0.257812,0,0.244343,0.296189,0.192887,0.209668,0,0.301092,0.38425,0.116933,0.413406,0.162874,0.563041,0,0.215283,0.280204,0,0,0.527749,0.375403,0.38729,0,0.563041,0,0,0,0,0,0,0,0,0,0,NaN,0,NaN,NaN
0.968324,0,0,0.427785,0.522263,0.129537,0,0.264871,0.283484,0.404328,0.124183,0.135372,0.367866,0.556861,0,0,0.194443,0.325294,0.177269,0.251115,0.283484,0.283484,0,0.150636,0.276999,0.262002,0.343673,0,0.215283,0.215283,0,0.306158,0.291441,0.225338,0.197633,0.0994991,0.424832,0.265841,0.314759,0.0738116,0.163984,0.150636,0.391417,0.435343,0.144309,0.293795,0.191355,0.186419,0.185462,0.435343,0.134614,0.312731,0.179918,0.307191,0.285489,0.188362,0.148772,0.22854,0.224291,0.351947,0.340469,0.290974,0.436444,0.144309,0.137698,0.461783,0.306803,0,0.192887,0.721004,0.121668,0.223253,0.666199,0.121668,0,0.167406,0.353649,0.489862,0.375403,0,0,0,0.334235,0.364208,0.648004,0,0.842732,0.589055,0,0,0,0,0,NaN,0,0,0,NaN,0,NaN,NaN
0,0,0.316811,0,0.174696,0.375403,0.516882,0,0,0.413406,0.439219,0.246002,0,0,0.290277,0,0.427785,0.334235,0.329705,0.238708,0.141757,0.413406,0.391417,0,0.276999,0.133865,0.329705,0,0.34859,0.420476,0.404328,0.202618,0.219197,0.328221,0.102035,0.416205,0.284594,0.105624,0,0.139294,0.4111,0.275423,0.0766386,0.308754,0.210277,0.0646669,0.0711856,0.281507,0.382107,0.248533,0.136139,0.25975,0.126804,0.492011,0.182648,0.340469,0.203188,0.290974,0.226395,0.355366,0.195496,0.180819,0.214009,0.192374,0.371597,0.205497,0.169768,0.286841,0.293795,0.211506,0.311394,0.227462,0.52408,0.229627,0,0.174696,0.191355,0.43792,0.546834,0.219197,0.246002,0.506428,0.516882,0.413406,0,0.477331,0,0,0.756684,0.798583,0.999756,0,0.887844,NaN,0,0,0,NaN,0,NaN,NaN
0,0.681369,0.316811,0.280204,0.177269,0.2708,0.160699,0.273865,0.148772,0.316811,0.360621,0.125479,0.141757,0.369722,0.154507,0.297399,0.448528,0.172197,0.320997,0.229627,0.143448,0.169768,0.280204,0.297399,0.146955,0.246002,0.422885,0.182648,0.200929,0.427785,0.154507,0.103798,0.296189,0.256444,0.275946,0.338889,0.289123,0.293795,0.161779,0.351608,0.0824259,0.290277,0.264871,0.163984,0.219197,0.226395,0.190347,0.251115,0.230724,0.202052,0.187386,0.11308,0.0675791,0.0720399,0.231832,0.0650171,0.323562,0.20786,0.214327,0.302594,0.239894,0.242301,0.360621,0.346936,0.255091,0.0771309,0.316811,0.532537,0.206083,0.202618,0.225338,0,0.406561,0.406561,0.133865,0.160699,0.454018,0.338889,0.554828,0,0,0.286841,0.308754,0.413406,0,0.496364,0,0.887844,0,0,0,0,0,NaN,0,NaN,0,0,0,NaN,NaN
0,0,0.343673,0,0.182648,0.455411,0.283484,0.148772,0.14518,0.501348,0.14518,0.128155,0.14518,0.188362,0.148772,0,0.320997,0.641657,0,0.121668,0.154507,0.399934,0.154507,0.162874,0.15858,0.248533,0.304875,0.194443,0.191355,0.246002,0.293795,0.106561,0.111506,0.231832,0.196025,0.448528,0.375403,0.390377,0.404328,0.276999,0.239498,0.155505,0.0747304,0.299234,0.0761525,0.127476,0.496364,0.310333,0.120449,0.195496,0.189349,0.173022,0.0672009,0.0699415,0.418687,0.236372,0.26059,0.150636,0.112026,0.202052,0.242301,0.184514,0.0703514,0.204336,0.311928,0.371597,0.384854,0.191355,0.463077,0.278059,0.223253,0.311394,0.23408,0.492443,0.143448,0.152547,0.393513,0.316811,0.563041,0.223253,0,0.286841,0,0,0.589055,0,0,0,0.756684,0,0,0,0,NaN,0,NaN,0,0,0,NaN,NaN
0,0,0.756684,0.246002,0,0,0.481958,0.162874,0.251115,0.140105,0.408818,0.488581,0.152547,0,0,0.182648,0.629277,0.334235,0.516882,0.346936,0.399934,0.399934,0.154507,0,0.152547,0,0.308754,0.358852,0,0,0,0.102035,0,0.4241,0.341264,0.306158,0.182648,0.116933,0.230357,0,0.0878533,0.150636,0.336081,0.228901,0.210277,0.253752,0.242301,0.251115,0.23295,0.307191,0.313539,0.406561,0.370524,0.131665,0.128843,0.322417,0.316811,0.202052,0.223253,0.246002,0.307191,0.122287,0.191355,0.140105,0.14518,0.275423,0.418093,0.0978775,0.219197,0.102035,0.328221,0.409956,0.251115,0,0.379285,0.297399,0.364208,0.674474,0.280204,0.38729,0.571477,0.308754,0.477331,0,0.563041,0,0.71757,0,0.756684,0,0,0,0,0,0,0,0,0,0,NaN,NaN
0,0.516882,0,0.38729,0.20786,0.383247,0.15858,0.162874,0.138492,0.128155,0.293795,0.435343,0,0.154507,0.383247,0,0.448528,0,0.167406,0.486671,0.360621,0.443162,0.14518,0.297399,0,0.529973,0,0,0.329705,0.246002,0.276999,0,0.10033,0.126804,0.192887,0.202618,0.343673,0.113615,0.227462,0.231832,0.430276,0.140105,0.230357,0.162874,0.269294,0.191355,0.311928,0.130948,0.223253,0.0691359,0.19872,0.120449,0.122287,0.0695363,0,0.124828,0.2708,0.137698,0.277634,0.184514,0.252427,0.221207,0.0703514,0.2708,0.206672,0.20786,0.173438,0.1869,0.381256,0.1869,0.229627,0.447175,0.343673,0.23408,0.14518,0.408818,0.194443,0.194443,0.693115,0.204336,0,0.66994,0.301092,0.38729,0.820433,0.477331,0,0,0,0,0,0,0,0,0,0,0,0,0,-Inf,NaN
